DH0001,KH266,MacBook Air M3,Dien thoai - Laptop,3,16951205,50853615,2025-05-29 18:00:00,Ho Chi Minh,The tin dung
DH0002,KH383,iPhone 15,Dien thoai - Laptop,1,18741847,18741847,2025-07-09 00:00:00,Can Tho,The tin dung
DH0003,KH042,Cap sac nhanh,Phu kien,1,2609398,2609398,2025-04-28 08:00:00,Nha Trang,Chuyen khoan
DH0004,KH027,Sac du phong Anker,Phu kien,4,2299300,9197200,2025-02-06 10:00:00,Hanoi,Vi dien tu
DH0005,KH153,Noi chien khong dau,Gia dung,2,4570071,9140142,2025-07-23 15:00:00,Ho Chi Minh,Chuyen khoan
DH0006,KH019,Chuan tivi Xiaomi,Thiet bi so,4,2007505,8030020,2025-01-13 16:00:00,Hanoi,Vi dien tu
DH0007,KH239,Ban phim co,Phu kien,4,2723228,10892912,2025-09-10 12:00:00,Da Nang,Tien mat
DH0008,KH113,Cam hanh trinh,Thiet bi so,2,1941420,3882840,2025-05-17 11:00:00,Hanoi,Chuyen khoan
DH0009,KH221,Lo vi song Sharp,Gia dung,4,1024615,4098460,2025-04-08 16:00:00,Da Nang,Vi dien tu
DH0010,KH164,iPad Pro,Dien thoai - Laptop,3,16731262,50193786,2025-04-27 08:00:00,Can Tho,Tien mat
DH0011,KH167,Ban phim co,Phu kien,3,2041590,6124770,2025-03-05 21:00:00,Ho Chi Minh,Chuyen khoan
DH0012,KH310,Cam hanh trinh,Thiet bi so,4,2322057,9288228,2025-03-24 09:00:00,Can Tho,Chuyen khoan
DH0013,KH047,Samsung Galaxy S24,Dien thoai - Laptop,2,17866737,35733474,2025-09-15 03:00:00,Hai Phong,Tien mat
DH0014,KH367,iPhone 15,Dien thoai - Laptop,1,22427980,22427980,2025-02-27 08:00:00,Hai Phong,The tin dung
DH0015,KH346,Dieu hoa Daikin,Dien lanh,3,17227354,51682062,2025-03-22 11:00:00,Can Tho,Chuyen khoan
DH0016,KH258,May nuoc nong,Dien lanh,3,6971885,20915655,2025-04-02 08:00:00,Can Tho,The tin dung
DH0017,KH300,May giat LG,Dien lanh,1,17345162,17345162,2025-09-04 22:00:00,Da Nang,Vi dien tu
DH0018,KH022,Tu dong Sanaky,Dien lanh,3,13927253,41781759,2025-06-12 13:00:00,Hanoi,The tin dung
DH0019,KH007,Samsung Galaxy S24,Dien thoai - Laptop,1,20903479,20903479,2025-04-20 17:00:00,Hanoi,The tin dung
DH0020,KH304,Noi chien khong dau,Gia dung,2,4353357,8706714,2025-11-28 15:00:00,Can Tho,The tin dung
DH0021,KH332,May chieu Mini,Thiet bi so,2,1167203,2334406,2025-08-28 02:00:00,Da Nang,The tin dung
DH0022,KH329,iPhone 15,Dien thoai - Laptop,3,29778012,89334036,2025-10-29 08:00:00,Hanoi,Tien mat
DH0023,KH179,Tai nghe Sony WH,Thiet bi so,1,448859,448859,2025-04-29 15:00:00,Da Nang,Chuyen khoan
DH0024,KH390,Laptop Asus ROG,Dien thoai - Laptop,4,17255310,69021240,2025-09-05 11:00:00,Nha Trang,Vi dien tu
DH0025,KH332,Sac du phong Anker,Phu kien,2,1339602,2679204,2025-02-24 07:00:00,Can Tho,Vi dien tu
DH0026,KH007,May chieu Mini,Thiet bi so,3,584805,1754415,2025-08-11 17:00:00,Hanoi,Tien mat
DH0027,KH005,Noi chien khong dau,Gia dung,1,3089795,3089795,2025-08-21 15:00:00,Nha Trang,The tin dung
DH0028,KH088,Cam hanh trinh,Thiet bi so,4,1888767,7555068,2025-12-26 08:00:00,Da Nang,Tien mat
DH0029,KH177,Loa Bluetooth JBL,Thiet bi so,2,280173,560346,2025-11-03 20:00:00,Ho Chi Minh,Chuyen khoan
DH0030,KH363,Ban phim co,Phu kien,4,1030233,4120932,2025-12-16 13:00:00,Da Nang,Vi dien tu
DH0031,KH273,Noi com dien Cuckoo,Gia dung,4,3595559,14382236,2025-01-13 14:00:00,Nha Trang,Chuyen khoan
DH0032,KH195,May hut bui Dyson,Gia dung,1,3720570,3720570,2025-10-10 18:00:00,Da Nang,Tien mat
DH0033,KH039,iPad Pro,Dien thoai - Laptop,3,24698068,74094204,2025-08-27 05:00:00,Hai Phong,The tin dung
DH0034,KH321,Dieu hoa Daikin,Dien lanh,4,12790124,51160496,2025-05-16 10:00:00,Hanoi,Vi dien tu
DH0035,KH223,Tu lanh Samsung,Dien lanh,3,16201664,48604992,2025-12-24 19:00:00,Da Nang,Vi dien tu
DH0036,KH090,The nho 128GB,Phu kien,3,816090,2448270,2025-09-25 23:00:00,Ho Chi Minh,Tien mat
DH0037,KH313,Tai nghe Sony WH,Thiet bi so,4,1795973,7183892,2025-10-02 11:00:00,Can Tho,Tien mat
DH0038,KH203,Loa Bluetooth JBL,Thiet bi so,2,685905,1371810,2025-09-10 04:00:00,Nha Trang,Vi dien tu
DH0039,KH060,May nuoc nong,Dien lanh,3,14805436,44416308,2025-08-07 16:00:00,Da Nang,Tien mat
DH0040,KH366,Laptop Asus ROG,Dien thoai - Laptop,1,29697327,29697327,2025-01-27 22:00:00,Ho Chi Minh,Chuyen khoan
DH0041,KH075,MacBook Air M3,Dien thoai - Laptop,4,16715382,66861528,2025-07-25 22:00:00,Hanoi,Tien mat
DH0042,KH229,Laptop Asus ROG,Dien thoai - Laptop,1,30700195,30700195,2025-04-15 20:00:00,Hai Phong,Tien mat
DH0043,KH103,Tu lanh Samsung,Dien lanh,1,12041435,12041435,2025-04-10 02:00:00,Nha Trang,Chuyen khoan
DH0044,KH108,May chieu Mini,Thiet bi so,2,1124573,2249146,2025-08-01 23:00:00,Da Nang,Chuyen khoan
DH0045,KH006,May chieu Mini,Thiet bi so,3,284541,853623,2025-02-13 22:00:00,Da Nang,Vi dien tu
DH0046,KH208,May giat LG,Dien lanh,2,9412973,18825946,2025-05-14 13:00:00,Da Nang,Vi dien tu
DH0047,KH156,Noi com dien Cuckoo,Gia dung,2,2012491,4024982,2025-08-10 13:00:00,Nha Trang,The tin dung
DH0048,KH332,Lo vi song Sharp,Gia dung,3,1917070,5751210,2025-08-03 11:00:00,Ho Chi Minh,Chuyen khoan
DH0049,KH344,Noi chien khong dau,Gia dung,3,4503744,13511232,2025-08-21 11:00:00,Da Nang,Vi dien tu
DH0050,KH304,Tu lanh Samsung,Dien lanh,4,8087895,32351580,2025-02-01 08:00:00,Hanoi,Chuyen khoan
DH0051,KH271,Ban phim co,Phu kien,3,1211034,3633102,2025-06-14 16:00:00,Da Nang,Chuyen khoan
DH0052,KH143,Dieu hoa Daikin,Dien lanh,4,7721225,30884900,2025-02-11 23:00:00,Hanoi,The tin dung
DH0053,KH370,Dieu hoa Daikin,Dien lanh,1,8009541,8009541,2025-06-04 03:00:00,Nha Trang,The tin dung
DH0054,KH029,May chieu Mini,Thiet bi so,3,2738696,8216088,2025-08-07 14:00:00,Nha Trang,The tin dung
DH0055,KH333,MacBook Air M3,Dien thoai - Laptop,2,26897130,53794260,2025-06-27 10:00:00,Can Tho,Chuyen khoan
DH0056,KH253,Tu dong Sanaky,Dien lanh,4,7718877,30875508,2025-01-05 23:00:00,Can Tho,Chuyen khoan
DH0057,KH400,Loa Bluetooth JBL,Thiet bi so,1,993650,993650,2025-07-01 13:00:00,Hai Phong,Vi dien tu
DH0058,KH304,Sac du phong Anker,Phu kien,4,1742034,6968136,2025-07-30 18:00:00,Ho Chi Minh,Tien mat
DH0059,KH077,Lo vi song Sharp,Gia dung,1,3221772,3221772,2025-01-28 08:00:00,Can Tho,Chuyen khoan
DH0060,KH338,Tai nghe Sony WH,Thiet bi so,4,1129110,4516440,2025-06-04 06:00:00,Nha Trang,Vi dien tu
DH0061,KH228,Loa Bluetooth JBL,Thiet bi so,2,2488882,4977764,2025-12-29 16:00:00,Hanoi,The tin dung
DH0062,KH313,The nho 128GB,Phu kien,2,2789816,5579632,2025-11-23 00:00:00,Ho Chi Minh,The tin dung
DH0063,KH164,Tai nghe Sony WH,Thiet bi so,3,2534729,7604187,2025-11-16 14:00:00,Hai Phong,Chuyen khoan
DH0064,KH203,Cap sac nhanh,Phu kien,1,1853928,1853928,2025-06-27 03:00:00,Ho Chi Minh,Vi dien tu
DH0065,KH078,Dieu hoa Daikin,Dien lanh,2,13644967,27289934,2025-05-19 04:00:00,Nha Trang,The tin dung
DH0066,KH130,Laptop Asus ROG,Dien thoai - Laptop,4,27639852,110559408,2025-01-07 05:00:00,Can Tho,The tin dung
DH0067,KH248,May nuoc nong,Dien lanh,2,8356423,16712846,2025-07-17 07:00:00,Can Tho,The tin dung
DH0068,KH278,Cam hanh trinh,Thiet bi so,2,1246565,2493130,2025-05-07 11:00:00,Ho Chi Minh,The tin dung
DH0069,KH355,May chieu Mini,Thiet bi so,3,208061,624183,2025-11-16 01:00:00,Ho Chi Minh,Tien mat
DH0070,KH047,Cap sac nhanh,Phu kien,1,1478982,1478982,2025-11-16 02:00:00,Da Nang,Chuyen khoan
DH0071,KH168,Chuan tivi Xiaomi,Thiet bi so,3,2285066,6855198,2025-05-20 08:00:00,Can Tho,The tin dung
DH0072,KH204,iPad Pro,Dien thoai - Laptop,1,28110691,28110691,2025-09-17 22:00:00,Hai Phong,Chuyen khoan
DH0073,KH028,Cap sac nhanh,Phu kien,3,883362,2650086,2025-06-26 14:00:00,Can Tho,Tien mat
DH0074,KH279,iPad Pro,Dien thoai - Laptop,4,22833487,91333948,2025-02-19 05:00:00,Hanoi,Vi dien tu
DH0075,KH341,MacBook Air M3,Dien thoai - Laptop,1,20465015,20465015,2025-02-08 10:00:00,Hanoi,The tin dung
DH0076,KH020,iPad Pro,Dien thoai - Laptop,2,25457869,50915738,2025-04-22 22:00:00,Hanoi,Vi dien tu
DH0077,KH064,Loa Bluetooth JBL,Thiet bi so,1,800101,800101,2025-10-17 03:00:00,Nha Trang,Chuyen khoan
DH0078,KH351,Lo vi song Sharp,Gia dung,3,3565453,10696359,2025-10-02 00:00:00,Ho Chi Minh,Vi dien tu
DH0079,KH170,The nho 128GB,Phu kien,3,1016997,3050991,2025-06-08 18:00:00,Ho Chi Minh,Vi dien tu
DH0080,KH083,May chieu Mini,Thiet bi so,2,2399922,4799844,2025-08-18 16:00:00,Hai Phong,The tin dung
DH0081,KH261,May chieu Mini,Thiet bi so,3,1057563,3172689,2025-01-27 16:00:00,Nha Trang,The tin dung
DH0082,KH144,Chuot khong day Logitech,Phu kien,4,2085260,8341040,2025-09-05 05:00:00,Hanoi,Chuyen khoan
DH0083,KH162,Tu lanh Samsung,Dien lanh,4,16416454,65665816,2025-03-10 05:00:00,Can Tho,Tien mat
DH0084,KH189,Cap sac nhanh,Phu kien,4,2106969,8427876,2025-06-20 23:00:00,Hai Phong,Tien mat
DH0085,KH203,Tu dong Sanaky,Dien lanh,4,9973076,39892304,2025-05-30 12:00:00,Hanoi,The tin dung
DH0086,KH202,Samsung Galaxy S24,Dien thoai - Laptop,2,18358956,36717912,2025-04-27 16:00:00,Hai Phong,The tin dung
DH0087,KH101,Laptop Asus ROG,Dien thoai - Laptop,1,34505418,34505418,2025-04-30 14:00:00,Hanoi,The tin dung
DH0088,KH200,Laptop Asus ROG,Dien thoai - Laptop,2,17706950,35413900,2025-06-29 21:00:00,Hanoi,Vi dien tu
DH0089,KH349,Ban phim co,Phu kien,3,2202009,6606027,2025-10-02 13:00:00,Hai Phong,Chuyen khoan
DH0090,KH132,Loa Bluetooth JBL,Thiet bi so,2,2799239,5598478,2025-02-27 16:00:00,Ho Chi Minh,Tien mat
DH0091,KH248,May xay sinh to,Gia dung,4,4195145,16780580,2025-03-10 23:00:00,Nha Trang,The tin dung
DH0092,KH327,May nuoc nong,Dien lanh,1,9433384,9433384,2025-05-13 03:00:00,Da Nang,Tien mat
DH0093,KH129,Chuan tivi Xiaomi,Thiet bi so,2,692607,1385214,2025-10-10 16:00:00,Nha Trang,Chuyen khoan
DH0094,KH037,May giat LG,Dien lanh,1,10215016,10215016,2025-11-13 08:00:00,Ho Chi Minh,Chuyen khoan
DH0095,KH187,Laptop Asus ROG,Dien thoai - Laptop,1,16627580,16627580,2025-09-21 16:00:00,Ho Chi Minh,Tien mat
DH0096,KH359,Chuan tivi Xiaomi,Thiet bi so,2,2784096,5568192,2025-10-06 02:00:00,Hai Phong,Chuyen khoan
DH0097,KH378,Tu lanh Samsung,Dien lanh,4,7610536,30442144,2025-09-19 13:00:00,Can Tho,Vi dien tu
DH0098,KH195,MacBook Air M3,Dien thoai - Laptop,4,17965696,71862784,2025-06-22 02:00:00,Nha Trang,Vi dien tu
DH0099,KH145,iPhone 15,Dien thoai - Laptop,3,34916644,104749932,2025-03-31 17:00:00,Nha Trang,The tin dung
DH0100,KH127,May chieu Mini,Thiet bi so,3,476129,1428387,2025-02-20 05:00:00,Nha Trang,The tin dung
DH0101,KH240,Sac du phong Anker,Phu kien,1,2486710,2486710,2025-08-12 08:00:00,Nha Trang,Tien mat
DH0102,KH262,Loa Bluetooth JBL,Thiet bi so,2,347546,695092,2025-06-11 23:00:00,Hai Phong,Vi dien tu
DH0103,KH104,Tu lanh Samsung,Dien lanh,2,12202545,24405090,2025-06-21 05:00:00,Da Nang,The tin dung
DH0104,KH288,Cam hanh trinh,Thiet bi so,2,2642582,5285164,2025-03-14 21:00:00,Hai Phong,Vi dien tu
DH0105,KH360,Lo vi song Sharp,Gia dung,3,2963267,8889801,2025-10-15 20:00:00,Da Nang,Tien mat
DH0106,KH324,Chuot khong day Logitech,Phu kien,4,2562491,10249964,2025-07-05 22:00:00,Hanoi,Tien mat
DH0107,KH254,Tai nghe Sony WH,Thiet bi so,3,2810619,8431857,2025-05-13 10:00:00,Hai Phong,Chuyen khoan
DH0108,KH035,Cap sac nhanh,Phu kien,1,1346133,1346133,2025-05-23 06:00:00,Hai Phong,Vi dien tu
DH0109,KH070,May xay sinh to,Gia dung,1,3077969,3077969,2025-06-06 03:00:00,Nha Trang,Chuyen khoan
DH0110,KH365,Chuot khong day Logitech,Phu kien,2,778284,1556568,2025-06-21 08:00:00,Nha Trang,Vi dien tu
DH0111,KH350,The nho 128GB,Phu kien,3,2364380,7093140,2025-11-13 08:00:00,Hai Phong,The tin dung
DH0112,KH082,Tu lanh Samsung,Dien lanh,3,16000793,48002379,2025-01-29 03:00:00,Nha Trang,Chuyen khoan
DH0113,KH058,Tu dong Sanaky,Dien lanh,3,6498022,19494066,2025-08-22 11:00:00,Da Nang,Vi dien tu
DH0114,KH302,Tu lanh Samsung,Dien lanh,1,9898678,9898678,2025-06-29 17:00:00,Hai Phong,The tin dung
DH0115,KH236,Tai nghe Sony WH,Thiet bi so,3,2864214,8592642,2025-03-18 01:00:00,Nha Trang,Vi dien tu
DH0116,KH140,Loa Bluetooth JBL,Thiet bi so,3,702480,2107440,2025-12-23 20:00:00,Nha Trang,Vi dien tu
DH0117,KH295,Dieu hoa Daikin,Dien lanh,3,15759876,47279628,2025-02-28 03:00:00,Da Nang,The tin dung
DH0118,KH396,Chuan tivi Xiaomi,Thiet bi so,1,2652011,2652011,2025-07-31 21:00:00,Ho Chi Minh,The tin dung
DH0119,KH080,May xay sinh to,Gia dung,3,2578894,7736682,2025-05-06 08:00:00,Hai Phong,Vi dien tu
DH0120,KH193,Tu lanh Samsung,Dien lanh,3,13215118,39645354,2025-04-05 09:00:00,Hai Phong,Chuyen khoan
DH0121,KH063,May nuoc nong,Dien lanh,2,9949076,19898152,2025-01-05 07:00:00,Ho Chi Minh,Vi dien tu
DH0122,KH334,Cap sac nhanh,Phu kien,2,1393994,2787988,2025-06-30 19:00:00,Ho Chi Minh,The tin dung
DH0123,KH133,Cam hanh trinh,Thiet bi so,1,1214739,1214739,2025-08-26 03:00:00,Can Tho,Tien mat
DH0124,KH324,MacBook Air M3,Dien thoai - Laptop,2,17862120,35724240,2025-07-13 17:00:00,Ho Chi Minh,The tin dung
DH0125,KH161,Tu lanh Samsung,Dien lanh,3,8505045,25515135,2025-05-05 18:00:00,Nha Trang,Vi dien tu
DH0126,KH123,May giat LG,Dien lanh,3,13129050,39387150,2025-02-25 19:00:00,Nha Trang,The tin dung
DH0127,KH271,iPhone 15,Dien thoai - Laptop,2,17061218,34122436,2025-06-17 00:00:00,Ho Chi Minh,Vi dien tu
DH0128,KH374,MacBook Air M3,Dien thoai - Laptop,1,19984972,19984972,2025-09-27 03:00:00,Hanoi,Vi dien tu
DH0129,KH316,Loa Bluetooth JBL,Thiet bi so,3,802786,2408358,2025-10-08 12:00:00,Da Nang,Chuyen khoan
DH0130,KH046,May giat LG,Dien lanh,1,15997811,15997811,2025-09-06 09:00:00,Hanoi,Tien mat
DH0131,KH317,Laptop Asus ROG,Dien thoai - Laptop,3,17092033,51276099,2025-03-30 23:00:00,Ho Chi Minh,Vi dien tu
DH0132,KH074,Chuot khong day Logitech,Phu kien,1,1476643,1476643,2025-03-28 10:00:00,Ho Chi Minh,Vi dien tu
DH0133,KH072,May giat LG,Dien lanh,2,10209921,20419842,2025-09-21 07:00:00,Ho Chi Minh,Vi dien tu
DH0134,KH344,Cam hanh trinh,Thiet bi so,3,962691,2888073,2025-04-18 15:00:00,Hanoi,The tin dung
DH0135,KH343,Chuan tivi Xiaomi,Thiet bi so,2,1569470,3138940,2025-03-05 19:00:00,Ho Chi Minh,Tien mat
DH0136,KH050,Ban phim co,Phu kien,3,2061107,6183321,2025-03-27 16:00:00,Da Nang,Vi dien tu
DH0137,KH137,Tu lanh Samsung,Dien lanh,4,14612367,58449468,2025-04-02 01:00:00,Hanoi,Chuyen khoan
DH0138,KH330,Noi chien khong dau,Gia dung,2,4835136,9670272,2025-10-12 17:00:00,Ho Chi Minh,The tin dung
DH0139,KH026,Noi com dien Cuckoo,Gia dung,4,2400768,9603072,2025-10-27 10:00:00,Da Nang,Vi dien tu
DH0140,KH332,Loa Bluetooth JBL,Thiet bi so,1,1685287,1685287,2025-08-27 08:00:00,Da Nang,Chuyen khoan
DH0141,KH157,Samsung Galaxy S24,Dien thoai - Laptop,2,27241382,54482764,2025-09-24 23:00:00,Hanoi,Tien mat
DH0142,KH291,The nho 128GB,Phu kien,1,1451262,1451262,2025-03-31 00:00:00,Da Nang,The tin dung
DH0143,KH101,May giat LG,Dien lanh,1,7694825,7694825,2025-05-05 20:00:00,Hanoi,Vi dien tu
DH0144,KH218,MacBook Air M3,Dien thoai - Laptop,4,22559778,90239112,2025-09-07 20:00:00,Hai Phong,Vi dien tu
DH0145,KH373,May xay sinh to,Gia dung,1,2045281,2045281,2025-07-05 22:00:00,Hanoi,The tin dung
DH0146,KH193,Dieu hoa Daikin,Dien lanh,4,10384284,41537136,2025-03-06 12:00:00,Can Tho,Chuyen khoan
DH0147,KH390,May chieu Mini,Thiet bi so,4,902184,3608736,2025-01-20 22:00:00,Hanoi,The tin dung
DH0148,KH184,Sac du phong Anker,Phu kien,2,2928570,5857140,2025-01-03 12:00:00,Can Tho,Tien mat
DH0149,KH129,The nho 128GB,Phu kien,2,2291854,4583708,2025-03-26 02:00:00,Can Tho,The tin dung
DH0150,KH284,Tu dong Sanaky,Dien lanh,2,13398193,26796386,2025-10-01 07:00:00,Nha Trang,Vi dien tu
DH0151,KH309,Cap sac nhanh,Phu kien,4,1950198,7800792,2025-09-08 21:00:00,Ho Chi Minh,Vi dien tu
DH0152,KH291,The nho 128GB,Phu kien,3,2380631,7141893,2025-01-02 03:00:00,Hai Phong,Vi dien tu
DH0153,KH362,May hut bui Dyson,Gia dung,2,4804957,9609914,2025-08-04 05:00:00,Da Nang,Tien mat
DH0154,KH157,Ban phim co,Phu kien,3,1412290,4236870,2025-02-03 05:00:00,Hai Phong,The tin dung
DH0155,KH158,Chuot khong day Logitech,Phu kien,1,329312,329312,2025-06-22 05:00:00,Nha Trang,Tien mat
DH0156,KH170,Noi chien khong dau,Gia dung,4,2240925,8963700,2025-09-15 14:00:00,Ho Chi Minh,Vi dien tu
DH0157,KH289,May xay sinh to,Gia dung,1,1033327,1033327,2025-04-08 11:00:00,Da Nang,Chuyen khoan
DH0158,KH075,May chieu Mini,Thiet bi so,4,286139,1144556,2025-10-12 09:00:00,Hai Phong,The tin dung
DH0159,KH001,May giat LG,Dien lanh,2,10718934,21437868,2025-04-22 11:00:00,Hai Phong,Vi dien tu
DH0160,KH157,iPhone 15,Dien thoai - Laptop,3,21849549,65548647,2025-12-10 04:00:00,Hanoi,Tien mat
DH0161,KH396,May xay sinh to,Gia dung,4,1288054,5152216,2025-11-04 07:00:00,Hanoi,Vi dien tu
DH0162,KH322,May nuoc nong,Dien lanh,1,11723227,11723227,2025-08-01 02:00:00,Nha Trang,The tin dung
DH0163,KH055,Ban phim co,Phu kien,2,270647,541294,2025-03-06 18:00:00,Da Nang,Vi dien tu
DH0164,KH122,Cam hanh trinh,Thiet bi so,4,200521,802084,2025-01-03 04:00:00,Can Tho,Chuyen khoan
DH0165,KH087,May chieu Mini,Thiet bi so,4,2830493,11321972,2025-06-11 17:00:00,Da Nang,Tien mat
DH0166,KH033,Dieu hoa Daikin,Dien lanh,3,10065269,30195807,2025-07-23 03:00:00,Hanoi,Chuyen khoan
DH0167,KH201,Chuan tivi Xiaomi,Thiet bi so,1,1292477,1292477,2025-04-29 17:00:00,Can Tho,The tin dung
DH0168,KH394,Chuot khong day Logitech,Phu kien,2,2292173,4584346,2025-02-20 22:00:00,Hai Phong,Tien mat
DH0169,KH342,Samsung Galaxy S24,Dien thoai - Laptop,1,25210415,25210415,2025-09-17 21:00:00,Da Nang,Chuyen khoan
DH0170,KH071,The nho 128GB,Phu kien,1,2814600,2814600,2025-07-20 03:00:00,Da Nang,Vi dien tu
DH0171,KH022,Dieu hoa Daikin,Dien lanh,2,7215771,14431542,2025-11-18 20:00:00,Nha Trang,Tien mat
DH0172,KH346,Tu lanh Samsung,Dien lanh,2,8950388,17900776,2025-08-07 05:00:00,Hanoi,The tin dung
DH0173,KH291,MacBook Air M3,Dien thoai - Laptop,1,30699508,30699508,2025-12-17 11:00:00,Can Tho,The tin dung
DH0174,KH343,Chuot khong day Logitech,Phu kien,3,1325930,3977790,2025-12-03 08:00:00,Hanoi,Tien mat
DH0175,KH273,Chuan tivi Xiaomi,Thiet bi so,1,2897622,2897622,2025-09-24 03:00:00,Nha Trang,Chuyen khoan
DH0176,KH349,Ban phim co,Phu kien,3,2380789,7142367,2025-09-05 13:00:00,Ho Chi Minh,The tin dung
DH0177,KH107,Tu dong Sanaky,Dien lanh,1,10497551,10497551,2025-03-29 18:00:00,Can Tho,Tien mat
DH0178,KH374,Laptop Asus ROG,Dien thoai - Laptop,3,19378600,58135800,2025-06-25 19:00:00,Nha Trang,Vi dien tu
DH0179,KH194,Chuan tivi Xiaomi,Thiet bi so,2,708419,1416838,2025-08-05 23:00:00,Hai Phong,Vi dien tu
DH0180,KH165,Tu dong Sanaky,Dien lanh,1,12068535,12068535,2025-05-25 14:00:00,Ho Chi Minh,The tin dung
DH0181,KH346,May giat LG,Dien lanh,2,13593150,27186300,2025-03-05 10:00:00,Da Nang,Chuyen khoan
DH0182,KH273,Noi com dien Cuckoo,Gia dung,3,3493581,10480743,2025-08-01 16:00:00,Hanoi,The tin dung
DH0183,KH033,Lo vi song Sharp,Gia dung,3,1969836,5909508,2025-04-23 04:00:00,Da Nang,Vi dien tu
DH0184,KH123,Chuan tivi Xiaomi,Thiet bi so,1,2464201,2464201,2025-12-27 14:00:00,Can Tho,The tin dung
DH0185,KH167,iPad Pro,Dien thoai - Laptop,3,27210488,81631464,2025-12-31 16:00:00,Da Nang,Chuyen khoan
DH0186,KH276,Noi chien khong dau,Gia dung,4,1647643,6590572,2025-10-25 02:00:00,Nha Trang,The tin dung
DH0187,KH341,The nho 128GB,Phu kien,3,1023366,3070098,2025-11-01 02:00:00,Can Tho,The tin dung
DH0188,KH121,Chuan tivi Xiaomi,Thiet bi so,1,1161408,1161408,2025-12-23 03:00:00,Hai Phong,Tien mat
DH0189,KH388,May chieu Mini,Thiet bi so,4,1710776,6843104,2025-09-14 16:00:00,Nha Trang,Tien mat
DH0190,KH357,May nuoc nong,Dien lanh,1,11186089,11186089,2025-06-14 12:00:00,Hai Phong,Vi dien tu
DH0191,KH242,Dieu hoa Daikin,Dien lanh,1,13291547,13291547,2025-12-13 06:00:00,Hai Phong,Vi dien tu
DH0192,KH107,iPhone 15,Dien thoai - Laptop,3,25508695,76526085,2025-09-22 06:00:00,Hanoi,The tin dung
DH0193,KH253,Noi chien khong dau,Gia dung,4,1961985,7847940,2025-05-23 20:00:00,Hai Phong,Tien mat
DH0194,KH173,Lo vi song Sharp,Gia dung,1,4785002,4785002,2025-02-02 07:00:00,Nha Trang,Vi dien tu
DH0195,KH153,Samsung Galaxy S24,Dien thoai - Laptop,3,26360665,79081995,2025-04-21 20:00:00,Hai Phong,The tin dung
DH0196,KH085,Noi chien khong dau,Gia dung,2,2815365,5630730,2025-04-28 06:00:00,Ho Chi Minh,Vi dien tu
DH0197,KH022,MacBook Air M3,Dien thoai - Laptop,2,33706359,67412718,2025-01-20 20:00:00,Can Tho,Vi dien tu
DH0198,KH163,Lo vi song Sharp,Gia dung,1,3735376,3735376,2025-03-10 10:00:00,Nha Trang,Tien mat
DH0199,KH293,May hut bui Dyson,Gia dung,2,1220443,2440886,2025-12-16 23:00:00,Nha Trang,The tin dung
DH0200,KH371,May xay sinh to,Gia dung,3,2166357,6499071,2025-09-12 02:00:00,Nha Trang,The tin dung
DH0201,KH358,May xay sinh to,Gia dung,3,4818475,14455425,2025-09-10 20:00:00,Hai Phong,The tin dung
DH0202,KH015,The nho 128GB,Phu kien,2,2008841,4017682,2025-04-15 17:00:00,Ho Chi Minh,The tin dung
DH0203,KH103,Cap sac nhanh,Phu kien,2,888990,1777980,2025-10-12 07:00:00,Hanoi,Tien mat
DH0204,KH116,May giat LG,Dien lanh,4,8915295,35661180,2025-12-24 08:00:00,Da Nang,Chuyen khoan
DH0205,KH080,Tu dong Sanaky,Dien lanh,3,8653276,25959828,2025-09-17 09:00:00,Hai Phong,Chuyen khoan
DH0206,KH032,Tu dong Sanaky,Dien lanh,3,6231362,18694086,2025-05-24 21:00:00,Nha Trang,Tien mat
DH0207,KH252,Tu lanh Samsung,Dien lanh,1,17935269,17935269,2025-02-28 05:00:00,Nha Trang,Tien mat
DH0208,KH016,Lo vi song Sharp,Gia dung,4,2651694,10606776,2025-09-30 06:00:00,Can Tho,The tin dung
DH0209,KH122,Samsung Galaxy S24,Dien thoai - Laptop,1,21812007,21812007,2025-05-10 20:00:00,Nha Trang,The tin dung
DH0210,KH343,Dieu hoa Daikin,Dien lanh,1,10387419,10387419,2025-01-14 10:00:00,Hanoi,Tien mat
DH0211,KH197,Sac du phong Anker,Phu kien,1,2834083,2834083,2025-10-13 00:00:00,Hai Phong,Vi dien tu
DH0212,KH126,MacBook Air M3,Dien thoai - Laptop,4,20384128,81536512,2025-10-08 01:00:00,Ho Chi Minh,Tien mat
DH0213,KH254,Chuot khong day Logitech,Phu kien,3,2848212,8544636,2025-02-05 16:00:00,Can Tho,The tin dung
DH0214,KH381,May chieu Mini,Thiet bi so,1,2028115,2028115,2025-08-04 14:00:00,Da Nang,The tin dung
DH0215,KH173,Dieu hoa Daikin,Dien lanh,4,12274193,49096772,2025-02-19 07:00:00,Ho Chi Minh,The tin dung
DH0216,KH328,Loa Bluetooth JBL,Thiet bi so,2,1902913,3805826,2025-12-13 13:00:00,Nha Trang,Vi dien tu
DH0217,KH365,iPad Pro,Dien thoai - Laptop,4,18641181,74564724,2025-10-10 02:00:00,Hai Phong,Tien mat
DH0218,KH168,MacBook Air M3,Dien thoai - Laptop,3,18105681,54317043,2025-04-21 02:00:00,Ho Chi Minh,The tin dung
DH0219,KH385,Cap sac nhanh,Phu kien,1,2384088,2384088,2025-02-03 14:00:00,Hanoi,The tin dung
DH0220,KH176,Tu lanh Samsung,Dien lanh,2,10519692,21039384,2025-05-05 08:00:00,Hanoi,Tien mat
DH0221,KH259,Sac du phong Anker,Phu kien,2,1255985,2511970,2025-03-09 02:00:00,Hai Phong,The tin dung
DH0222,KH262,MacBook Air M3,Dien thoai - Laptop,3,27906018,83718054,2025-11-10 17:00:00,Nha Trang,Chuyen khoan
DH0223,KH179,Noi com dien Cuckoo,Gia dung,1,3753848,3753848,2025-05-16 11:00:00,Nha Trang,Chuyen khoan
DH0224,KH059,Sac du phong Anker,Phu kien,3,2082334,6247002,2025-05-21 03:00:00,Nha Trang,Chuyen khoan
DH0225,KH192,The nho 128GB,Phu kien,2,238937,477874,2025-09-13 15:00:00,Nha Trang,Vi dien tu
DH0226,KH334,Lo vi song Sharp,Gia dung,1,2863053,2863053,2025-08-26 06:00:00,Can Tho,Tien mat
DH0227,KH175,Dieu hoa Daikin,Dien lanh,1,16334864,16334864,2025-03-05 11:00:00,Ho Chi Minh,Vi dien tu
DH0228,KH052,May xay sinh to,Gia dung,3,4297332,12891996,2025-11-13 23:00:00,Ho Chi Minh,Vi dien tu
DH0229,KH365,Noi chien khong dau,Gia dung,4,4802484,19209936,2025-04-19 15:00:00,Hanoi,Vi dien tu
DH0230,KH399,May giat LG,Dien lanh,4,6533699,26134796,2025-03-12 15:00:00,Da Nang,Vi dien tu
DH0231,KH313,May giat LG,Dien lanh,2,11419241,22838482,2025-09-13 19:00:00,Nha Trang,The tin dung
DH0232,KH193,MacBook Air M3,Dien thoai - Laptop,3,32947770,98843310,2025-12-31 19:00:00,Da Nang,Vi dien tu
DH0233,KH096,iPad Pro,Dien thoai - Laptop,1,17049593,17049593,2025-02-18 00:00:00,Hai Phong,Tien mat
DH0234,KH232,Tu dong Sanaky,Dien lanh,1,17046945,17046945,2025-05-04 07:00:00,Da Nang,Tien mat
DH0235,KH107,Laptop Asus ROG,Dien thoai - Laptop,1,23470332,23470332,2025-01-24 19:00:00,Ho Chi Minh,Tien mat
DH0236,KH308,Laptop Asus ROG,Dien thoai - Laptop,2,16085718,32171436,2025-07-01 01:00:00,Hai Phong,The tin dung
DH0237,KH229,MacBook Air M3,Dien thoai - Laptop,1,28847904,28847904,2025-08-17 04:00:00,Hanoi,Vi dien tu
DH0238,KH051,Cap sac nhanh,Phu kien,4,1058643,4234572,2025-05-01 13:00:00,Hanoi,Chuyen khoan
DH0239,KH241,Ban phim co,Phu kien,2,1590399,3180798,2025-06-16 02:00:00,Can Tho,Tien mat
DH0240,KH090,Noi chien khong dau,Gia dung,3,3976499,11929497,2025-11-28 13:00:00,Ho Chi Minh,The tin dung
DH0241,KH222,iPhone 15,Dien thoai - Laptop,2,16199506,32399012,2025-04-12 05:00:00,Da Nang,Tien mat
DH0242,KH307,Cap sac nhanh,Phu kien,1,2043898,2043898,2025-08-16 08:00:00,Hai Phong,Chuyen khoan
DH0243,KH193,Cap sac nhanh,Phu kien,4,2388830,9555320,2025-10-26 21:00:00,Hanoi,The tin dung
DH0244,KH120,Tu lanh Samsung,Dien lanh,4,14684761,58739044,2025-02-04 09:00:00,Can Tho,Tien mat
DH0245,KH211,MacBook Air M3,Dien thoai - Laptop,3,24315976,72947928,2025-07-29 02:00:00,Can Tho,Tien mat
DH0246,KH225,May giat LG,Dien lanh,1,12089275,12089275,2025-11-23 06:00:00,Can Tho,Chuyen khoan
DH0247,KH394,Tu lanh Samsung,Dien lanh,4,16072070,64288280,2025-12-01 20:00:00,Can Tho,The tin dung
DH0248,KH143,Sac du phong Anker,Phu kien,4,921386,3685544,2025-04-21 04:00:00,Hai Phong,The tin dung
DH0249,KH165,May giat LG,Dien lanh,4,6660896,26643584,2025-01-21 12:00:00,Hai Phong,Chuyen khoan
DH0250,KH287,Noi chien khong dau,Gia dung,2,2200247,4400494,2025-08-08 09:00:00,Hanoi,The tin dung
DH0251,KH197,Noi chien khong dau,Gia dung,1,3582562,3582562,2025-08-10 16:00:00,Hanoi,Tien mat
DH0252,KH082,Ban phim co,Phu kien,1,403107,403107,2025-05-04 02:00:00,Hai Phong,Tien mat
DH0253,KH343,iPad Pro,Dien thoai - Laptop,1,23068987,23068987,2025-11-04 17:00:00,Hai Phong,The tin dung
DH0254,KH014,iPhone 15,Dien thoai - Laptop,3,30163782,90491346,2025-11-12 22:00:00,Hai Phong,The tin dung
DH0255,KH355,Chuan tivi Xiaomi,Thiet bi so,2,2058533,4117066,2025-02-11 08:00:00,Da Nang,Vi dien tu
DH0256,KH377,Dieu hoa Daikin,Dien lanh,2,7503269,15006538,2025-12-30 19:00:00,Can Tho,The tin dung
DH0257,KH144,Lo vi song Sharp,Gia dung,1,1508607,1508607,2025-03-17 10:00:00,Nha Trang,The tin dung
DH0258,KH010,Cam hanh trinh,Thiet bi so,3,1499115,4497345,2025-07-06 23:00:00,Da Nang,Vi dien tu
DH0259,KH201,Noi chien khong dau,Gia dung,2,4850044,9700088,2025-11-16 03:00:00,Hai Phong,Tien mat
DH0260,KH113,May giat LG,Dien lanh,3,7755763,23267289,2025-12-14 05:00:00,Can Tho,Tien mat
DH0261,KH119,Dieu hoa Daikin,Dien lanh,1,11965242,11965242,2025-10-30 21:00:00,Ho Chi Minh,The tin dung
DH0262,KH354,Tu dong Sanaky,Dien lanh,2,15030934,30061868,2025-06-26 06:00:00,Hai Phong,The tin dung
DH0263,KH040,May hut bui Dyson,Gia dung,2,4505670,9011340,2025-03-22 12:00:00,Da Nang,The tin dung
DH0264,KH149,Lo vi song Sharp,Gia dung,3,3352878,10058634,2025-04-28 21:00:00,Can Tho,Tien mat
DH0265,KH274,Chuot khong day Logitech,Phu kien,2,541176,1082352,2025-09-14 01:00:00,Ho Chi Minh,The tin dung
DH0266,KH130,Lo vi song Sharp,Gia dung,1,2325039,2325039,2025-07-13 15:00:00,Can Tho,Chuyen khoan
DH0267,KH306,May hut bui Dyson,Gia dung,4,1311749,5246996,2025-02-15 15:00:00,Da Nang,Tien mat
DH0268,KH026,May chieu Mini,Thiet bi so,3,1976596,5929788,2025-10-04 23:00:00,Hanoi,Vi dien tu
DH0269,KH396,May giat LG,Dien lanh,3,6061704,18185112,2025-04-12 01:00:00,Ho Chi Minh,Tien mat
DH0270,KH100,May chieu Mini,Thiet bi so,3,1035798,3107394,2025-06-30 04:00:00,Da Nang,Tien mat
DH0271,KH293,iPad Pro,Dien thoai - Laptop,4,15314692,61258768,2025-10-26 21:00:00,Hai Phong,The tin dung
DH0272,KH329,Samsung Galaxy S24,Dien thoai - Laptop,1,16917832,16917832,2025-02-19 10:00:00,Ho Chi Minh,The tin dung
DH0273,KH032,Laptop Asus ROG,Dien thoai - Laptop,3,19046544,57139632,2025-12-10 07:00:00,Hanoi,Tien mat
DH0274,KH033,Samsung Galaxy S24,Dien thoai - Laptop,2,28461944,56923888,2025-12-16 00:00:00,Ho Chi Minh,Vi dien tu
DH0275,KH184,May hut bui Dyson,Gia dung,3,1387174,4161522,2025-01-30 05:00:00,Nha Trang,The tin dung
DH0276,KH172,Loa Bluetooth JBL,Thiet bi so,4,2155990,8623960,2025-10-15 22:00:00,Can Tho,The tin dung
DH0277,KH121,Noi chien khong dau,Gia dung,1,2175934,2175934,2025-08-09 20:00:00,Da Nang,Vi dien tu
DH0278,KH389,Chuan tivi Xiaomi,Thiet bi so,2,1953243,3906486,2025-06-23 19:00:00,Nha Trang,Vi dien tu
DH0279,KH165,Chuot khong day Logitech,Phu kien,4,1057480,4229920,2025-06-23 04:00:00,Da Nang,Tien mat
DH0280,KH086,Lo vi song Sharp,Gia dung,1,2856820,2856820,2025-01-14 23:00:00,Can Tho,Chuyen khoan
DH0281,KH338,Cap sac nhanh,Phu kien,1,1897846,1897846,2025-11-18 03:00:00,Can Tho,Chuyen khoan
DH0282,KH319,Tu lanh Samsung,Dien lanh,3,14292499,42877497,2025-03-08 04:00:00,Can Tho,The tin dung
DH0283,KH263,Loa Bluetooth JBL,Thiet bi so,4,2145685,8582740,2025-07-17 06:00:00,Ho Chi Minh,The tin dung
DH0284,KH022,iPhone 15,Dien thoai - Laptop,1,21440673,21440673,2025-08-31 02:00:00,Ho Chi Minh,The tin dung
DH0285,KH037,Ban phim co,Phu kien,2,849188,1698376,2025-09-18 14:00:00,Ho Chi Minh,Vi dien tu
DH0286,KH303,Cam hanh trinh,Thiet bi so,3,868761,2606283,2025-04-08 14:00:00,Ho Chi Minh,Vi dien tu
DH0287,KH017,Chuot khong day Logitech,Phu kien,2,2516839,5033678,2025-11-04 10:00:00,Can Tho,Vi dien tu
DH0288,KH282,MacBook Air M3,Dien thoai - Laptop,2,17286419,34572838,2025-05-21 02:00:00,Ho Chi Minh,Chuyen khoan
DH0289,KH302,Cam hanh trinh,Thiet bi so,1,1204234,1204234,2025-02-25 05:00:00,Can Tho,Chuyen khoan
DH0290,KH345,Tu lanh Samsung,Dien lanh,1,13651331,13651331,2025-11-16 09:00:00,Can Tho,Chuyen khoan
DH0291,KH120,Samsung Galaxy S24,Dien thoai - Laptop,1,15093356,15093356,2025-03-13 03:00:00,Ho Chi Minh,Vi dien tu
DH0292,KH331,The nho 128GB,Phu kien,3,1591734,4775202,2025-09-26 08:00:00,Can Tho,Tien mat
DH0293,KH149,May hut bui Dyson,Gia dung,4,4029809,16119236,2025-12-06 12:00:00,Hanoi,The tin dung
DH0294,KH150,Noi com dien Cuckoo,Gia dung,1,2090833,2090833,2025-04-01 22:00:00,Ho Chi Minh,The tin dung
DH0295,KH344,May chieu Mini,Thiet bi so,3,934749,2804247,2025-04-13 03:00:00,Hai Phong,Chuyen khoan
DH0296,KH043,May giat LG,Dien lanh,1,11131803,11131803,2025-09-15 03:00:00,Hai Phong,The tin dung
DH0297,KH158,Noi chien khong dau,Gia dung,2,3991527,7983054,2025-08-20 19:00:00,Nha Trang,The tin dung
DH0298,KH186,Noi chien khong dau,Gia dung,3,4727398,14182194,2025-10-08 10:00:00,Ho Chi Minh,The tin dung
DH0299,KH042,Chuan tivi Xiaomi,Thiet bi so,4,1690344,6761376,2025-11-19 14:00:00,Da Nang,Chuyen khoan
DH0300,KH294,Cam hanh trinh,Thiet bi so,1,1900316,1900316,2025-09-06 15:00:00,Hai Phong,Chuyen khoan
DH0301,KH033,Tu dong Sanaky,Dien lanh,4,13085655,52342620,2025-02-26 08:00:00,Hanoi,Chuyen khoan
DH0302,KH105,Noi com dien Cuckoo,Gia dung,3,4145619,12436857,2025-01-10 15:00:00,Ho Chi Minh,Chuyen khoan
DH0303,KH280,Chuot khong day Logitech,Phu kien,1,2309429,2309429,2025-05-06 18:00:00,Hai Phong,Chuyen khoan
DH0304,KH216,iPad Pro,Dien thoai - Laptop,4,30842742,123370968,2025-05-26 19:00:00,Da Nang,Vi dien tu
DH0305,KH181,Loa Bluetooth JBL,Thiet bi so,3,1657016,4971048,2025-03-01 23:00:00,Can Tho,Vi dien tu
DH0306,KH296,Chuot khong day Logitech,Phu kien,2,2599993,5199986,2025-06-08 15:00:00,Hai Phong,The tin dung
DH0307,KH176,Lo vi song Sharp,Gia dung,3,3941756,11825268,2025-08-17 07:00:00,Ho Chi Minh,The tin dung
DH0308,KH042,The nho 128GB,Phu kien,4,1104519,4418076,2025-09-01 08:00:00,Hanoi,Tien mat
DH0309,KH346,Sac du phong Anker,Phu kien,2,1430056,2860112,2025-06-06 23:00:00,Can Tho,The tin dung
DH0310,KH228,May giat LG,Dien lanh,1,11623296,11623296,2025-09-30 02:00:00,Nha Trang,Chuyen khoan
DH0311,KH357,May hut bui Dyson,Gia dung,4,1387792,5551168,2025-05-25 19:00:00,Nha Trang,The tin dung
DH0312,KH095,iPhone 15,Dien thoai - Laptop,2,20991883,41983766,2025-12-27 09:00:00,Hai Phong,Chuyen khoan
DH0313,KH073,Ban phim co,Phu kien,3,2314555,6943665,2025-07-19 02:00:00,Nha Trang,Tien mat
DH0314,KH197,Cap sac nhanh,Phu kien,1,845195,845195,2025-04-10 11:00:00,Ho Chi Minh,Vi dien tu
DH0315,KH053,Lo vi song Sharp,Gia dung,4,2729181,10916724,2025-06-10 15:00:00,Nha Trang,Chuyen khoan
DH0316,KH318,iPhone 15,Dien thoai - Laptop,3,28854704,86564112,2025-05-12 19:00:00,Hai Phong,Tien mat
DH0317,KH290,Dieu hoa Daikin,Dien lanh,4,6116560,24466240,2025-01-16 13:00:00,Nha Trang,Vi dien tu
DH0318,KH381,Ban phim co,Phu kien,4,2336048,9344192,2025-09-15 00:00:00,Ho Chi Minh,Chuyen khoan
DH0319,KH194,May xay sinh to,Gia dung,4,1373653,5494612,2025-12-15 22:00:00,Nha Trang,Vi dien tu
DH0320,KH238,The nho 128GB,Phu kien,3,1153802,3461406,2025-04-08 17:00:00,Da Nang,The tin dung
DH0321,KH333,Sac du phong Anker,Phu kien,4,2913445,11653780,2025-06-09 21:00:00,Da Nang,Vi dien tu
DH0322,KH349,May xay sinh to,Gia dung,1,3349927,3349927,2025-08-24 20:00:00,Can Tho,Vi dien tu
DH0323,KH170,Tu dong Sanaky,Dien lanh,2,6897749,13795498,2025-11-02 09:00:00,Hanoi,Chuyen khoan
DH0324,KH357,May chieu Mini,Thiet bi so,3,336135,1008405,2025-12-20 21:00:00,Hai Phong,Chuyen khoan
DH0325,KH207,MacBook Air M3,Dien thoai - Laptop,3,27478086,82434258,2025-12-17 23:00:00,Nha Trang,Tien mat
DH0326,KH296,iPad Pro,Dien thoai - Laptop,4,32776495,131105980,2025-05-26 04:00:00,Ho Chi Minh,The tin dung
DH0327,KH052,May chieu Mini,Thiet bi so,3,2697828,8093484,2025-10-09 07:00:00,Hai Phong,Vi dien tu
DH0328,KH279,Cam hanh trinh,Thiet bi so,1,2655588,2655588,2025-03-14 02:00:00,Ho Chi Minh,The tin dung
DH0329,KH079,iPhone 15,Dien thoai - Laptop,2,26374012,52748024,2025-06-02 02:00:00,Hai Phong,Tien mat
DH0330,KH279,Chuot khong day Logitech,Phu kien,3,2598066,7794198,2025-01-12 00:00:00,Da Nang,The tin dung
DH0331,KH167,Noi com dien Cuckoo,Gia dung,4,2603449,10413796,2025-10-01 01:00:00,Hanoi,Chuyen khoan
DH0332,KH051,Chuot khong day Logitech,Phu kien,4,2463700,9854800,2025-09-24 01:00:00,Nha Trang,Vi dien tu
DH0333,KH332,iPad Pro,Dien thoai - Laptop,2,15980095,31960190,2025-01-08 08:00:00,Da Nang,Chuyen khoan
DH0334,KH348,Noi com dien Cuckoo,Gia dung,2,2250957,4501914,2025-09-06 03:00:00,Da Nang,The tin dung
DH0335,KH205,Samsung Galaxy S24,Dien thoai - Laptop,4,15152402,60609608,2025-12-30 11:00:00,Ho Chi Minh,Vi dien tu
DH0336,KH128,Dieu hoa Daikin,Dien lanh,4,15386101,61544404,2025-07-30 23:00:00,Can Tho,The tin dung
DH0337,KH122,Chuot khong day Logitech,Phu kien,1,1137194,1137194,2025-05-15 14:00:00,Hai Phong,Vi dien tu
DH0338,KH106,Ban phim co,Phu kien,3,681812,2045436,2025-05-10 07:00:00,Nha Trang,Vi dien tu
DH0339,KH278,iPad Pro,Dien thoai - Laptop,2,16890539,33781078,2025-06-16 19:00:00,Can Tho,The tin dung
DH0340,KH057,Lo vi song Sharp,Gia dung,3,3799382,11398146,2025-01-02 06:00:00,Nha Trang,Chuyen khoan
DH0341,KH209,May hut bui Dyson,Gia dung,4,4076151,16304604,2025-01-18 13:00:00,Can Tho,Vi dien tu
DH0342,KH010,May chieu Mini,Thiet bi so,4,2498058,9992232,2025-11-21 10:00:00,Ho Chi Minh,Tien mat
DH0343,KH164,Lo vi song Sharp,Gia dung,3,3711035,11133105,2025-08-13 09:00:00,Nha Trang,Tien mat
DH0344,KH199,May nuoc nong,Dien lanh,1,10923407,10923407,2025-05-15 23:00:00,Ho Chi Minh,Tien mat
DH0345,KH088,Noi com dien Cuckoo,Gia dung,4,1095454,4381816,2025-10-14 21:00:00,Can Tho,The tin dung
DH0346,KH084,Cam hanh trinh,Thiet bi so,4,2545050,10180200,2025-05-09 03:00:00,Nha Trang,The tin dung
DH0347,KH050,The nho 128GB,Phu kien,3,2557570,7672710,2025-10-29 12:00:00,Hai Phong,Tien mat
DH0348,KH274,Tai nghe Sony WH,Thiet bi so,2,2231269,4462538,2025-06-30 13:00:00,Ho Chi Minh,Vi dien tu
DH0349,KH061,iPad Pro,Dien thoai - Laptop,4,32727659,130910636,2025-10-03 15:00:00,Da Nang,The tin dung
DH0350,KH262,Chuan tivi Xiaomi,Thiet bi so,2,2387286,4774572,2025-07-02 17:00:00,Can Tho,Tien mat
DH0351,KH130,Laptop Asus ROG,Dien thoai - Laptop,4,15015921,60063684,2025-11-23 03:00:00,Da Nang,Chuyen khoan
DH0352,KH373,Chuot khong day Logitech,Phu kien,4,1111192,4444768,2025-11-18 06:00:00,Hanoi,Tien mat
DH0353,KH359,Cap sac nhanh,Phu kien,3,768760,2306280,2025-01-05 07:00:00,Da Nang,Chuyen khoan
DH0354,KH300,MacBook Air M3,Dien thoai - Laptop,2,34404442,68808884,2025-02-11 14:00:00,Hanoi,Chuyen khoan
DH0355,KH385,Sac du phong Anker,Phu kien,2,2467935,4935870,2025-11-27 18:00:00,Nha Trang,The tin dung
DH0356,KH333,May xay sinh to,Gia dung,2,4015246,8030492,2025-05-28 05:00:00,Nha Trang,Vi dien tu
DH0357,KH211,Noi chien khong dau,Gia dung,3,1313397,3940191,2025-12-03 00:00:00,Da Nang,Chuyen khoan
DH0358,KH399,The nho 128GB,Phu kien,3,2292454,6877362,2025-09-06 09:00:00,Hai Phong,Chuyen khoan
DH0359,KH224,Loa Bluetooth JBL,Thiet bi so,4,1766951,7067804,2025-01-02 17:00:00,Hai Phong,Chuyen khoan
DH0360,KH254,Cap sac nhanh,Phu kien,3,900379,2701137,2025-03-22 05:00:00,Hai Phong,The tin dung
DH0361,KH283,Sac du phong Anker,Phu kien,1,1220593,1220593,2025-11-20 11:00:00,Can Tho,Vi dien tu
DH0362,KH342,May giat LG,Dien lanh,3,17648345,52945035,2025-06-23 23:00:00,Can Tho,Chuyen khoan
DH0363,KH042,iPad Pro,Dien thoai - Laptop,4,29316492,117265968,2025-12-30 04:00:00,Hai Phong,Chuyen khoan
DH0364,KH366,Cam hanh trinh,Thiet bi so,2,2883760,5767520,2025-03-16 00:00:00,Hanoi,Chuyen khoan
DH0365,KH025,Cam hanh trinh,Thiet bi so,3,1078154,3234462,2025-05-09 17:00:00,Da Nang,Tien mat
DH0366,KH223,Ban phim co,Phu kien,1,1373371,1373371,2025-02-01 09:00:00,Can Tho,Tien mat
DH0367,KH165,May giat LG,Dien lanh,1,7496262,7496262,2025-04-11 12:00:00,Da Nang,Vi dien tu
DH0368,KH160,May xay sinh to,Gia dung,4,1050370,4201480,2025-08-09 00:00:00,Can Tho,Tien mat
DH0369,KH376,Chuot khong day Logitech,Phu kien,1,2271707,2271707,2025-04-10 08:00:00,Hanoi,Chuyen khoan
DH0370,KH053,Laptop Asus ROG,Dien thoai - Laptop,3,18762662,56287986,2025-04-03 10:00:00,Hanoi,Vi dien tu
DH0371,KH010,May chieu Mini,Thiet bi so,2,709710,1419420,2025-01-17 05:00:00,Hai Phong,The tin dung
DH0372,KH005,iPhone 15,Dien thoai - Laptop,3,15155947,45467841,2025-09-28 19:00:00,Da Nang,The tin dung
DH0373,KH033,May chieu Mini,Thiet bi so,2,2718238,5436476,2025-10-28 10:00:00,Can Tho,The tin dung
DH0374,KH385,May chieu Mini,Thiet bi so,4,1713875,6855500,2025-06-18 23:00:00,Nha Trang,Vi dien tu
DH0375,KH185,May giat LG,Dien lanh,1,16639080,16639080,2025-06-15 17:00:00,Ho Chi Minh,Chuyen khoan
DH0376,KH024,Chuan tivi Xiaomi,Thiet bi so,3,1168426,3505278,2025-09-10 15:00:00,Hanoi,Vi dien tu
DH0377,KH104,iPad Pro,Dien thoai - Laptop,4,23700473,94801892,2025-04-10 11:00:00,Hai Phong,Vi dien tu
DH0378,KH043,Tu lanh Samsung,Dien lanh,1,8518740,8518740,2025-05-24 11:00:00,Nha Trang,Vi dien tu
DH0379,KH021,iPad Pro,Dien thoai - Laptop,3,32320428,96961284,2025-08-09 16:00:00,Da Nang,Tien mat
DH0380,KH038,May hut bui Dyson,Gia dung,4,1417763,5671052,2025-07-04 06:00:00,Nha Trang,Tien mat
DH0381,KH310,May xay sinh to,Gia dung,2,4941812,9883624,2025-03-16 19:00:00,Ho Chi Minh,Vi dien tu
DH0382,KH304,iPad Pro,Dien thoai - Laptop,4,19581520,78326080,2025-11-05 05:00:00,Ho Chi Minh,Vi dien tu
DH0383,KH257,Tu lanh Samsung,Dien lanh,3,14960762,44882286,2025-03-01 23:00:00,Hai Phong,The tin dung
DH0384,KH222,Samsung Galaxy S24,Dien thoai - Laptop,2,26280987,52561974,2025-12-07 15:00:00,Nha Trang,Vi dien tu
DH0385,KH345,Ban phim co,Phu kien,3,925672,2777016,2025-10-15 06:00:00,Hai Phong,The tin dung
DH0386,KH156,Chuot khong day Logitech,Phu kien,1,1498370,1498370,2025-02-12 20:00:00,Can Tho,Vi dien tu
DH0387,KH223,May nuoc nong,Dien lanh,3,12675874,38027622,2025-11-13 03:00:00,Hanoi,Chuyen khoan
DH0388,KH185,Dieu hoa Daikin,Dien lanh,3,14543413,43630239,2025-09-11 16:00:00,Da Nang,Tien mat
DH0389,KH325,Loa Bluetooth JBL,Thiet bi so,4,518982,2075928,2025-11-24 21:00:00,Ho Chi Minh,Tien mat
DH0390,KH059,Tu lanh Samsung,Dien lanh,3,16424140,49272420,2025-12-31 19:00:00,Can Tho,Vi dien tu
DH0391,KH353,May hut bui Dyson,Gia dung,1,2014618,2014618,2025-10-10 20:00:00,Hai Phong,Tien mat
DH0392,KH037,Ban phim co,Phu kien,4,1773961,7095844,2025-04-24 07:00:00,Hai Phong,The tin dung
DH0393,KH266,Lo vi song Sharp,Gia dung,1,2337344,2337344,2025-06-21 09:00:00,Hanoi,Tien mat
DH0394,KH316,Noi chien khong dau,Gia dung,4,2916501,11666004,2025-03-15 12:00:00,Can Tho,Vi dien tu
DH0395,KH203,Loa Bluetooth JBL,Thiet bi so,4,2786507,11146028,2025-11-28 15:00:00,Hanoi,Chuyen khoan
DH0396,KH015,May hut bui Dyson,Gia dung,1,4643301,4643301,2025-03-09 08:00:00,Hanoi,Chuyen khoan
DH0397,KH065,Noi com dien Cuckoo,Gia dung,1,4242177,4242177,2025-01-05 07:00:00,Hai Phong,The tin dung
DH0398,KH114,Tai nghe Sony WH,Thiet bi so,3,2594133,7782399,2025-06-05 14:00:00,Nha Trang,The tin dung
DH0399,KH386,Tu lanh Samsung,Dien lanh,2,9226047,18452094,2025-11-03 20:00:00,Hanoi,Vi dien tu
DH0400,KH028,Chuot khong day Logitech,Phu kien,4,2230799,8923196,2025-09-28 07:00:00,Hai Phong,The tin dung
DH0401,KH384,Noi com dien Cuckoo,Gia dung,3,2132649,6397947,2025-03-13 09:00:00,Hanoi,Tien mat
DH0402,KH363,May chieu Mini,Thiet bi so,1,870049,870049,2025-04-12 12:00:00,Ho Chi Minh,Chuyen khoan
DH0403,KH230,Chuot khong day Logitech,Phu kien,1,1702482,1702482,2025-02-27 12:00:00,Da Nang,Chuyen khoan
DH0404,KH212,Cam hanh trinh,Thiet bi so,4,901154,3604616,2025-03-28 18:00:00,Nha Trang,The tin dung
DH0405,KH399,May nuoc nong,Dien lanh,2,11815639,23631278,2025-10-24 17:00:00,Hanoi,Vi dien tu
DH0406,KH066,Noi com dien Cuckoo,Gia dung,1,1374042,1374042,2025-10-02 06:00:00,Da Nang,Chuyen khoan
DH0407,KH269,Loa Bluetooth JBL,Thiet bi so,2,2788888,5577776,2025-01-19 20:00:00,Hai Phong,The tin dung
DH0408,KH327,Noi com dien Cuckoo,Gia dung,2,1862682,3725364,2025-11-15 03:00:00,Ho Chi Minh,Chuyen khoan
DH0409,KH148,Cam hanh trinh,Thiet bi so,4,749525,2998100,2025-05-06 01:00:00,Da Nang,Vi dien tu
DH0410,KH175,Tai nghe Sony WH,Thiet bi so,1,2615122,2615122,2025-03-21 22:00:00,Hai Phong,The tin dung
DH0411,KH095,Noi chien khong dau,Gia dung,3,4763251,14289753,2025-04-28 05:00:00,Ho Chi Minh,Vi dien tu
DH0412,KH106,May xay sinh to,Gia dung,3,3088682,9266046,2025-03-18 03:00:00,Hanoi,Vi dien tu
DH0413,KH264,May chieu Mini,Thiet bi so,4,2553209,10212836,2025-11-06 11:00:00,Hai Phong,Tien mat
DH0414,KH026,Dieu hoa Daikin,Dien lanh,1,15133353,15133353,2025-07-07 01:00:00,Can Tho,The tin dung
DH0415,KH230,Noi chien khong dau,Gia dung,2,4628775,9257550,2025-02-26 02:00:00,Da Nang,Tien mat
DH0416,KH361,iPad Pro,Dien thoai - Laptop,1,23710623,23710623,2025-12-12 12:00:00,Hai Phong,Chuyen khoan
DH0417,KH175,Lo vi song Sharp,Gia dung,3,4006001,12018003,2025-01-15 20:00:00,Ho Chi Minh,The tin dung
DH0418,KH039,Tu dong Sanaky,Dien lanh,2,8250357,16500714,2025-12-04 18:00:00,Hai Phong,The tin dung
DH0419,KH240,Chuan tivi Xiaomi,Thiet bi so,2,792425,1584850,2025-10-22 23:00:00,Hai Phong,Vi dien tu
DH0420,KH324,Cap sac nhanh,Phu kien,2,2424695,4849390,2025-02-06 09:00:00,Hanoi,Chuyen khoan
DH0421,KH259,Tu dong Sanaky,Dien lanh,3,15449492,46348476,2025-11-05 18:00:00,Nha Trang,Tien mat
DH0422,KH200,The nho 128GB,Phu kien,3,2144244,6432732,2025-02-15 20:00:00,Ho Chi Minh,Chuyen khoan
DH0423,KH062,Noi com dien Cuckoo,Gia dung,1,2638937,2638937,2025-11-21 14:00:00,Da Nang,Vi dien tu
DH0424,KH244,Ban phim co,Phu kien,4,1544872,6179488,2025-07-07 18:00:00,Hanoi,Vi dien tu
DH0425,KH032,iPad Pro,Dien thoai - Laptop,4,21006254,84025016,2025-01-20 08:00:00,Nha Trang,The tin dung
DH0426,KH381,Ban phim co,Phu kien,3,1432605,4297815,2025-11-04 15:00:00,Da Nang,Vi dien tu
DH0427,KH050,May xay sinh to,Gia dung,1,3988395,3988395,2025-12-22 07:00:00,Hai Phong,Tien mat
DH0428,KH183,Chuot khong day Logitech,Phu kien,1,1144862,1144862,2025-10-07 19:00:00,Nha Trang,Vi dien tu
DH0429,KH054,Dieu hoa Daikin,Dien lanh,3,17544855,52634565,2025-06-28 05:00:00,Nha Trang,Vi dien tu
DH0430,KH013,Loa Bluetooth JBL,Thiet bi so,4,675425,2701700,2025-03-25 12:00:00,Nha Trang,Tien mat
DH0431,KH330,Tu dong Sanaky,Dien lanh,3,8473122,25419366,2025-12-22 16:00:00,Hanoi,Tien mat
DH0432,KH049,Samsung Galaxy S24,Dien thoai - Laptop,4,29785819,119143276,2025-08-04 09:00:00,Da Nang,Tien mat
DH0433,KH137,Cam hanh trinh,Thiet bi so,2,1859649,3719298,2025-12-08 14:00:00,Hanoi,Vi dien tu
DH0434,KH031,Chuan tivi Xiaomi,Thiet bi so,1,1917743,1917743,2025-06-04 15:00:00,Ho Chi Minh,Chuyen khoan
DH0435,KH115,MacBook Air M3,Dien thoai - Laptop,3,32073105,96219315,2025-02-23 14:00:00,Can Tho,Tien mat
DH0436,KH170,Sac du phong Anker,Phu kien,4,790660,3162640,2025-07-03 08:00:00,Can Tho,Vi dien tu
DH0437,KH287,Samsung Galaxy S24,Dien thoai - Laptop,1,26721465,26721465,2025-09-10 02:00:00,Ho Chi Minh,The tin dung
DH0438,KH003,May hut bui Dyson,Gia dung,3,4489337,13468011,2025-01-30 09:00:00,Da Nang,Tien mat
DH0439,KH075,Ban phim co,Phu kien,2,620830,1241660,2025-03-02 20:00:00,Can Tho,The tin dung
DH0440,KH277,Lo vi song Sharp,Gia dung,2,1625367,3250734,2025-01-12 21:00:00,Ho Chi Minh,Tien mat
DH0441,KH346,Ban phim co,Phu kien,1,386419,386419,2025-07-08 18:00:00,Ho Chi Minh,The tin dung
DH0442,KH233,May nuoc nong,Dien lanh,3,12084371,36253113,2025-05-21 03:00:00,Hanoi,Vi dien tu
DH0443,KH021,Tu lanh Samsung,Dien lanh,2,15766723,31533446,2025-11-04 14:00:00,Ho Chi Minh,Chuyen khoan
DH0444,KH323,Noi chien khong dau,Gia dung,1,3576348,3576348,2025-01-31 18:00:00,Da Nang,The tin dung
DH0445,KH092,Noi chien khong dau,Gia dung,1,3963304,3963304,2025-08-31 08:00:00,Da Nang,The tin dung
DH0446,KH220,Ban phim co,Phu kien,4,2675975,10703900,2025-04-17 17:00:00,Da Nang,Vi dien tu
DH0447,KH064,Tai nghe Sony WH,Thiet bi so,4,1193411,4773644,2025-06-26 12:00:00,Can Tho,Tien mat
DH0448,KH022,May xay sinh to,Gia dung,3,3969602,11908806,2025-01-12 14:00:00,Ho Chi Minh,Tien mat
DH0449,KH236,Noi com dien Cuckoo,Gia dung,4,4406531,17626124,2025-08-30 16:00:00,Da Nang,The tin dung
DH0450,KH272,May giat LG,Dien lanh,3,9732851,29198553,2025-07-05 02:00:00,Nha Trang,The tin dung
DH0451,KH051,Cap sac nhanh,Phu kien,3,1808060,5424180,2025-10-30 00:00:00,Nha Trang,Tien mat
DH0452,KH292,Cam hanh trinh,Thiet bi so,4,1615223,6460892,2025-08-14 09:00:00,Da Nang,Chuyen khoan
DH0453,KH076,Cap sac nhanh,Phu kien,4,2858168,11432672,2025-08-19 02:00:00,Hai Phong,Chuyen khoan
DH0454,KH065,Tai nghe Sony WH,Thiet bi so,3,1172064,3516192,2025-01-12 00:00:00,Ho Chi Minh,Chuyen khoan
DH0455,KH300,May hut bui Dyson,Gia dung,4,1785912,7143648,2025-02-02 03:00:00,Nha Trang,Vi dien tu
DH0456,KH297,Lo vi song Sharp,Gia dung,2,3969973,7939946,2025-07-01 12:00:00,Ho Chi Minh,Vi dien tu
DH0457,KH330,MacBook Air M3,Dien thoai - Laptop,3,33272486,99817458,2025-01-23 09:00:00,Hanoi,Tien mat
DH0458,KH269,Tai nghe Sony WH,Thiet bi so,1,487144,487144,2025-03-13 07:00:00,Ho Chi Minh,Vi dien tu
DH0459,KH054,May nuoc nong,Dien lanh,3,12949788,38849364,2025-11-23 04:00:00,Da Nang,The tin dung
DH0460,KH280,Chuot khong day Logitech,Phu kien,2,1576673,3153346,2025-01-08 12:00:00,Hanoi,Vi dien tu
DH0461,KH353,Samsung Galaxy S24,Dien thoai - Laptop,4,15145082,60580328,2025-06-21 14:00:00,Nha Trang,Chuyen khoan
DH0462,KH116,Lo vi song Sharp,Gia dung,4,4381493,17525972,2025-11-11 08:00:00,Hai Phong,Chuyen khoan
DH0463,KH246,Noi chien khong dau,Gia dung,2,4635949,9271898,2025-12-29 17:00:00,Can Tho,Vi dien tu
DH0464,KH392,Noi chien khong dau,Gia dung,4,2693678,10774712,2025-08-22 08:00:00,Ho Chi Minh,Chuyen khoan
DH0465,KH087,May xay sinh to,Gia dung,4,4151102,16604408,2025-05-12 19:00:00,Nha Trang,Chuyen khoan
DH0466,KH148,iPhone 15,Dien thoai - Laptop,3,17372418,52117254,2025-08-13 10:00:00,Can Tho,Tien mat
DH0467,KH246,May hut bui Dyson,Gia dung,2,2426894,4853788,2025-03-06 12:00:00,Da Nang,Vi dien tu
DH0468,KH218,Tu dong Sanaky,Dien lanh,3,12068225,36204675,2025-05-05 10:00:00,Ho Chi Minh,The tin dung
DH0469,KH123,Cap sac nhanh,Phu kien,3,1932830,5798490,2025-07-17 21:00:00,Hai Phong,Tien mat
DH0470,KH355,May nuoc nong,Dien lanh,2,16319652,32639304,2025-07-20 22:00:00,Can Tho,The tin dung
DH0471,KH213,Ban phim co,Phu kien,2,2957212,5914424,2025-11-20 06:00:00,Ho Chi Minh,Chuyen khoan
DH0472,KH369,Sac du phong Anker,Phu kien,1,2634781,2634781,2025-06-08 05:00:00,Ho Chi Minh,Vi dien tu
DH0473,KH218,Laptop Asus ROG,Dien thoai - Laptop,3,16354863,49064589,2025-11-15 08:00:00,Hanoi,The tin dung
DH0474,KH273,May nuoc nong,Dien lanh,3,6655727,19967181,2025-07-11 06:00:00,Ho Chi Minh,Vi dien tu
DH0475,KH084,Loa Bluetooth JBL,Thiet bi so,3,1997759,5993277,2025-04-29 12:00:00,Nha Trang,Chuyen khoan
DH0476,KH274,Noi com dien Cuckoo,Gia dung,4,2290535,9162140,2025-06-29 00:00:00,Ho Chi Minh,Vi dien tu
DH0477,KH009,Sac du phong Anker,Phu kien,3,1187153,3561459,2025-11-04 12:00:00,Hai Phong,Vi dien tu
DH0478,KH377,Sac du phong Anker,Phu kien,2,1534514,3069028,2025-05-19 16:00:00,Hai Phong,Tien mat
DH0479,KH039,Laptop Asus ROG,Dien thoai - Laptop,2,26197921,52395842,2025-03-21 06:00:00,Ho Chi Minh,The tin dung
DH0480,KH240,Ban phim co,Phu kien,3,2635701,7907103,2025-03-13 02:00:00,Hanoi,The tin dung
DH0481,KH231,The nho 128GB,Phu kien,4,1445938,5783752,2025-08-29 16:00:00,Hai Phong,The tin dung
DH0482,KH234,Tu dong Sanaky,Dien lanh,3,11593271,34779813,2025-10-06 07:00:00,Da Nang,The tin dung
DH0483,KH103,Ban phim co,Phu kien,2,671370,1342740,2025-12-25 20:00:00,Ho Chi Minh,Vi dien tu
DH0484,KH148,Tu dong Sanaky,Dien lanh,3,15015458,45046374,2025-07-06 10:00:00,Can Tho,Chuyen khoan
DH0485,KH388,The nho 128GB,Phu kien,2,1885542,3771084,2025-10-23 09:00:00,Ho Chi Minh,Chuyen khoan
DH0486,KH198,May chieu Mini,Thiet bi so,4,2854176,11416704,2025-05-08 14:00:00,Da Nang,Vi dien tu
DH0487,KH321,Cap sac nhanh,Phu kien,1,2377284,2377284,2025-03-01 02:00:00,Hai Phong,Chuyen khoan
DH0488,KH211,Tu dong Sanaky,Dien lanh,2,16613454,33226908,2025-01-21 12:00:00,Da Nang,The tin dung
DH0489,KH227,May chieu Mini,Thiet bi so,3,468172,1404516,2025-12-08 02:00:00,Nha Trang,The tin dung
DH0490,KH114,May nuoc nong,Dien lanh,3,11472770,34418310,2025-07-14 03:00:00,Hanoi,The tin dung
DH0491,KH135,Sac du phong Anker,Phu kien,2,1154566,2309132,2025-05-02 18:00:00,Ho Chi Minh,Chuyen khoan
DH0492,KH377,Chuot khong day Logitech,Phu kien,1,1307656,1307656,2025-08-24 14:00:00,Hanoi,Vi dien tu
DH0493,KH034,Samsung Galaxy S24,Dien thoai - Laptop,3,33748330,101244990,2025-03-01 23:00:00,Nha Trang,Tien mat
DH0494,KH277,May chieu Mini,Thiet bi so,4,1862153,7448612,2025-01-17 14:00:00,Can Tho,Tien mat
DH0495,KH369,May hut bui Dyson,Gia dung,4,3140271,12561084,2025-01-29 23:00:00,Nha Trang,Tien mat
DH0496,KH119,Sac du phong Anker,Phu kien,4,2686324,10745296,2025-09-18 18:00:00,Da Nang,The tin dung
DH0497,KH265,May nuoc nong,Dien lanh,1,11997203,11997203,2025-03-18 15:00:00,Nha Trang,Chuyen khoan
DH0498,KH083,May giat LG,Dien lanh,1,16921902,16921902,2025-03-08 18:00:00,Da Nang,Chuyen khoan
DH0499,KH274,Noi com dien Cuckoo,Gia dung,3,4596038,13788114,2025-09-02 02:00:00,Hai Phong,Chuyen khoan
DH0500,KH232,iPad Pro,Dien thoai - Laptop,4,23574970,94299880,2025-03-17 12:00:00,Da Nang,Vi dien tu
DH0501,KH362,May hut bui Dyson,Gia dung,2,1908048,3816096,2025-04-30 05:00:00,Nha Trang,Vi dien tu
DH0502,KH399,Tu lanh Samsung,Dien lanh,3,7649276,22947828,2025-12-02 12:00:00,Hanoi,Chuyen khoan
DH0503,KH354,iPad Pro,Dien thoai - Laptop,1,28042067,28042067,2025-11-17 10:00:00,Hai Phong,Vi dien tu
DH0504,KH030,Tu lanh Samsung,Dien lanh,2,6991044,13982088,2025-03-17 22:00:00,Ho Chi Minh,Vi dien tu
DH0505,KH007,May chieu Mini,Thiet bi so,3,2015285,6045855,2025-11-06 12:00:00,Hai Phong,Chuyen khoan
DH0506,KH050,Ban phim co,Phu kien,4,1811652,7246608,2025-06-15 13:00:00,Hanoi,The tin dung
DH0507,KH235,Loa Bluetooth JBL,Thiet bi so,2,723634,1447268,2025-10-04 08:00:00,Hai Phong,Chuyen khoan
DH0508,KH327,Tu lanh Samsung,Dien lanh,3,8215693,24647079,2025-09-24 03:00:00,Hai Phong,Vi dien tu
DH0509,KH137,Noi chien khong dau,Gia dung,1,4105458,4105458,2025-01-11 18:00:00,Hai Phong,Chuyen khoan
DH0510,KH389,Noi chien khong dau,Gia dung,1,2310171,2310171,2025-09-15 05:00:00,Hai Phong,Chuyen khoan
DH0511,KH257,Tai nghe Sony WH,Thiet bi so,2,736649,1473298,2025-07-25 10:00:00,Hanoi,Tien mat
DH0512,KH190,Ban phim co,Phu kien,1,340912,340912,2025-03-21 18:00:00,Can Tho,Chuyen khoan
DH0513,KH054,May xay sinh to,Gia dung,1,2053764,2053764,2025-03-09 10:00:00,Da Nang,The tin dung
DH0514,KH237,The nho 128GB,Phu kien,1,2822603,2822603,2025-02-13 11:00:00,Can Tho,Chuyen khoan
DH0515,KH220,Noi com dien Cuckoo,Gia dung,3,1921395,5764185,2025-03-12 20:00:00,Da Nang,Vi dien tu
DH0516,KH181,iPad Pro,Dien thoai - Laptop,4,31404061,125616244,2025-06-26 03:00:00,Hai Phong,Tien mat
DH0517,KH184,May xay sinh to,Gia dung,4,4650714,18602856,2025-08-27 18:00:00,Can Tho,Vi dien tu
DH0518,KH356,May xay sinh to,Gia dung,2,2478747,4957494,2025-11-14 00:00:00,Can Tho,Chuyen khoan
DH0519,KH126,iPad Pro,Dien thoai - Laptop,3,29756399,89269197,2025-08-02 08:00:00,Nha Trang,Vi dien tu
DH0520,KH331,Cam hanh trinh,Thiet bi so,3,238809,716427,2025-09-16 12:00:00,Can Tho,Vi dien tu
DH0521,KH307,Ban phim co,Phu kien,3,1105437,3316311,2025-06-11 07:00:00,Hanoi,Tien mat
DH0522,KH215,Dieu hoa Daikin,Dien lanh,1,17238926,17238926,2025-12-22 17:00:00,Ho Chi Minh,Chuyen khoan
DH0523,KH262,Dieu hoa Daikin,Dien lanh,4,16470023,65880092,2025-06-11 22:00:00,Can Tho,Chuyen khoan
DH0524,KH160,MacBook Air M3,Dien thoai - Laptop,4,33361545,133446180,2025-10-25 10:00:00,Hai Phong,Tien mat
DH0525,KH211,Cam hanh trinh,Thiet bi so,2,2418051,4836102,2025-12-07 01:00:00,Da Nang,The tin dung
DH0526,KH079,Samsung Galaxy S24,Dien thoai - Laptop,2,23147001,46294002,2025-06-14 14:00:00,Can Tho,Tien mat
DH0527,KH213,Laptop Asus ROG,Dien thoai - Laptop,3,30742098,92226294,2025-02-10 17:00:00,Can Tho,Chuyen khoan
DH0528,KH046,MacBook Air M3,Dien thoai - Laptop,1,15157760,15157760,2025-11-17 04:00:00,Can Tho,Chuyen khoan
DH0529,KH175,Samsung Galaxy S24,Dien thoai - Laptop,3,29006811,87020433,2025-09-19 23:00:00,Hai Phong,Chuyen khoan
DH0530,KH007,MacBook Air M3,Dien thoai - Laptop,2,30800585,61601170,2025-02-24 07:00:00,Hanoi,Chuyen khoan
DH0531,KH190,Chuot khong day Logitech,Phu kien,3,1705824,5117472,2025-08-24 02:00:00,Hai Phong,The tin dung
DH0532,KH112,Cap sac nhanh,Phu kien,2,338572,677144,2025-12-29 17:00:00,Da Nang,Vi dien tu
DH0533,KH286,Tu dong Sanaky,Dien lanh,1,17785963,17785963,2025-04-30 03:00:00,Ho Chi Minh,Chuyen khoan
DH0534,KH386,MacBook Air M3,Dien thoai - Laptop,1,29728837,29728837,2025-02-01 14:00:00,Hanoi,The tin dung
DH0535,KH106,Noi com dien Cuckoo,Gia dung,3,4499719,13499157,2025-09-05 14:00:00,Nha Trang,Vi dien tu
DH0536,KH181,Sac du phong Anker,Phu kien,1,2745090,2745090,2025-08-07 04:00:00,Ho Chi Minh,Tien mat
DH0537,KH050,Ban phim co,Phu kien,1,2896356,2896356,2025-12-15 12:00:00,Ho Chi Minh,Tien mat
DH0538,KH307,Samsung Galaxy S24,Dien thoai - Laptop,4,32101418,128405672,2025-08-20 07:00:00,Ho Chi Minh,The tin dung
DH0539,KH380,Dieu hoa Daikin,Dien lanh,3,9986810,29960430,2025-01-16 10:00:00,Can Tho,Vi dien tu
DH0540,KH147,Noi com dien Cuckoo,Gia dung,2,4654348,9308696,2025-10-21 13:00:00,Can Tho,The tin dung
DH0541,KH395,Tu dong Sanaky,Dien lanh,2,13083064,26166128,2025-03-19 20:00:00,Can Tho,Chuyen khoan
DH0542,KH042,Laptop Asus ROG,Dien thoai - Laptop,1,18455886,18455886,2025-05-13 06:00:00,Nha Trang,Chuyen khoan
DH0543,KH028,May nuoc nong,Dien lanh,2,7213006,14426012,2025-06-30 10:00:00,Hai Phong,Tien mat
DH0544,KH053,Tu lanh Samsung,Dien lanh,2,10312970,20625940,2025-07-18 20:00:00,Ho Chi Minh,The tin dung
DH0545,KH164,Lo vi song Sharp,Gia dung,2,2629132,5258264,2025-12-01 14:00:00,Da Nang,Chuyen khoan
DH0546,KH303,Cam hanh trinh,Thiet bi so,1,2602557,2602557,2025-05-09 05:00:00,Hai Phong,Tien mat
DH0547,KH127,May giat LG,Dien lanh,3,6896612,20689836,2025-07-30 21:00:00,Ho Chi Minh,Vi dien tu
DH0548,KH197,Noi chien khong dau,Gia dung,1,4160631,4160631,2025-06-27 21:00:00,Ho Chi Minh,Tien mat
DH0549,KH215,Sac du phong Anker,Phu kien,4,683377,2733508,2025-12-14 04:00:00,Hanoi,Vi dien tu
DH0550,KH047,Sac du phong Anker,Phu kien,1,515115,515115,2025-06-17 05:00:00,Can Tho,The tin dung
DH0551,KH100,Ban phim co,Phu kien,4,2683840,10735360,2025-02-21 02:00:00,Can Tho,Tien mat
DH0552,KH254,May nuoc nong,Dien lanh,3,11716640,35149920,2025-07-14 23:00:00,Hanoi,The tin dung
DH0553,KH373,Dieu hoa Daikin,Dien lanh,3,7278564,21835692,2025-05-09 03:00:00,Can Tho,Chuyen khoan
DH0554,KH131,Noi com dien Cuckoo,Gia dung,3,3729405,11188215,2025-03-11 08:00:00,Hanoi,The tin dung
DH0555,KH252,Tai nghe Sony WH,Thiet bi so,3,2603768,7811304,2025-11-19 13:00:00,Can Tho,Tien mat
DH0556,KH185,iPad Pro,Dien thoai - Laptop,2,27269380,54538760,2025-01-01 13:00:00,Da Nang,Chuyen khoan
DH0557,KH236,May giat LG,Dien lanh,1,16135222,16135222,2025-08-16 07:00:00,Can Tho,Tien mat
DH0558,KH061,Laptop Asus ROG,Dien thoai - Laptop,4,24695023,98780092,2025-01-03 07:00:00,Can Tho,Chuyen khoan
DH0559,KH362,Tai nghe Sony WH,Thiet bi so,2,778200,1556400,2025-02-22 23:00:00,Ho Chi Minh,Vi dien tu
DH0560,KH203,Laptop Asus ROG,Dien thoai - Laptop,2,18403910,36807820,2025-12-01 08:00:00,Can Tho,Vi dien tu
DH0561,KH077,May chieu Mini,Thiet bi so,3,233739,701217,2025-07-03 04:00:00,Da Nang,Tien mat
DH0562,KH304,May giat LG,Dien lanh,3,9835621,29506863,2025-02-26 11:00:00,Nha Trang,Chuyen khoan
DH0563,KH125,May giat LG,Dien lanh,2,11691722,23383444,2025-07-30 18:00:00,Nha Trang,Vi dien tu
DH0564,KH109,Loa Bluetooth JBL,Thiet bi so,2,1100747,2201494,2025-07-04 02:00:00,Ho Chi Minh,Tien mat
DH0565,KH135,Tai nghe Sony WH,Thiet bi so,4,678885,2715540,2025-01-31 10:00:00,Can Tho,Chuyen khoan
DH0566,KH291,May nuoc nong,Dien lanh,4,9924241,39696964,2025-03-04 10:00:00,Hai Phong,The tin dung
DH0567,KH121,Laptop Asus ROG,Dien thoai - Laptop,1,25261425,25261425,2025-09-16 17:00:00,Hai Phong,The tin dung
DH0568,KH185,May chieu Mini,Thiet bi so,1,597060,597060,2025-10-21 04:00:00,Ho Chi Minh,Vi dien tu
DH0569,KH284,Dieu hoa Daikin,Dien lanh,1,17016490,17016490,2025-11-09 16:00:00,Hanoi,Vi dien tu
DH0570,KH187,Noi chien khong dau,Gia dung,4,2814434,11257736,2025-10-29 02:00:00,Nha Trang,The tin dung
DH0571,KH337,MacBook Air M3,Dien thoai - Laptop,4,32152341,128609364,2025-07-03 14:00:00,Hanoi,Tien mat
DH0572,KH003,May xay sinh to,Gia dung,4,2789853,11159412,2025-01-19 22:00:00,Hai Phong,Tien mat
DH0573,KH096,May hut bui Dyson,Gia dung,3,2411905,7235715,2025-04-05 22:00:00,Hanoi,The tin dung
DH0574,KH366,The nho 128GB,Phu kien,2,1869815,3739630,2025-11-24 09:00:00,Nha Trang,Chuyen khoan
DH0575,KH345,May giat LG,Dien lanh,3,13675604,41026812,2025-09-17 02:00:00,Nha Trang,The tin dung
DH0576,KH194,Samsung Galaxy S24,Dien thoai - Laptop,3,22613148,67839444,2025-03-03 23:00:00,Da Nang,Chuyen khoan
DH0577,KH158,Cap sac nhanh,Phu kien,1,1609183,1609183,2025-10-09 12:00:00,Hanoi,The tin dung
DH0578,KH021,May xay sinh to,Gia dung,4,4673881,18695524,2025-03-17 09:00:00,Can Tho,Vi dien tu
DH0579,KH333,May giat LG,Dien lanh,1,12210352,12210352,2025-09-29 08:00:00,Can Tho,Tien mat
DH0580,KH395,Chuan tivi Xiaomi,Thiet bi so,4,1829453,7317812,2025-10-14 07:00:00,Hanoi,Vi dien tu
DH0581,KH279,iPad Pro,Dien thoai - Laptop,1,26757450,26757450,2025-07-13 23:00:00,Ho Chi Minh,Chuyen khoan
DH0582,KH355,Noi chien khong dau,Gia dung,1,3225469,3225469,2025-03-05 04:00:00,Hai Phong,Vi dien tu
DH0583,KH100,May giat LG,Dien lanh,4,10411434,41645736,2025-02-21 11:00:00,Can Tho,Vi dien tu
DH0584,KH137,May giat LG,Dien lanh,1,12190728,12190728,2025-08-08 00:00:00,Hanoi,Chuyen khoan
DH0585,KH354,Noi com dien Cuckoo,Gia dung,2,3206175,6412350,2025-06-12 07:00:00,Da Nang,Tien mat
DH0586,KH106,The nho 128GB,Phu kien,3,1150922,3452766,2025-01-13 02:00:00,Hanoi,Vi dien tu
DH0587,KH270,Laptop Asus ROG,Dien thoai - Laptop,4,28414172,113656688,2025-03-27 01:00:00,Ho Chi Minh,The tin dung
DH0588,KH206,Samsung Galaxy S24,Dien thoai - Laptop,3,22865600,68596800,2025-03-30 17:00:00,Can Tho,Tien mat
DH0589,KH180,Tai nghe Sony WH,Thiet bi so,1,1262292,1262292,2025-04-28 14:00:00,Ho Chi Minh,Chuyen khoan
DH0590,KH044,MacBook Air M3,Dien thoai - Laptop,1,28455350,28455350,2025-10-12 20:00:00,Hanoi,Tien mat
DH0591,KH344,The nho 128GB,Phu kien,3,1968787,5906361,2025-07-02 04:00:00,Ho Chi Minh,Vi dien tu
DH0592,KH203,May nuoc nong,Dien lanh,3,12841858,38525574,2025-11-13 07:00:00,Hai Phong,Chuyen khoan
DH0593,KH338,Sac du phong Anker,Phu kien,2,2171363,4342726,2025-01-28 02:00:00,Can Tho,Chuyen khoan
DH0594,KH035,MacBook Air M3,Dien thoai - Laptop,3,18311616,54934848,2025-11-30 14:00:00,Da Nang,Vi dien tu
DH0595,KH175,Laptop Asus ROG,Dien thoai - Laptop,1,34209281,34209281,2025-06-24 13:00:00,Nha Trang,Tien mat
DH0596,KH399,Tu dong Sanaky,Dien lanh,2,17346491,34692982,2025-02-01 06:00:00,Hai Phong,Chuyen khoan
DH0597,KH054,Noi chien khong dau,Gia dung,3,2292397,6877191,2025-03-19 03:00:00,Nha Trang,Chuyen khoan
DH0598,KH105,May hut bui Dyson,Gia dung,2,1704997,3409994,2025-04-18 22:00:00,Can Tho,Tien mat
DH0599,KH006,Cap sac nhanh,Phu kien,2,1204500,2409000,2025-10-08 21:00:00,Hai Phong,The tin dung
DH0600,KH357,Sac du phong Anker,Phu kien,2,1175575,2351150,2025-07-24 02:00:00,Can Tho,Vi dien tu
DH0601,KH016,The nho 128GB,Phu kien,4,2762046,11048184,2025-02-02 10:00:00,Hanoi,Vi dien tu
DH0602,KH339,May xay sinh to,Gia dung,1,1963595,1963595,2025-10-12 23:00:00,Nha Trang,Chuyen khoan
DH0603,KH184,Tu lanh Samsung,Dien lanh,3,9310513,27931539,2025-07-13 15:00:00,Hai Phong,Tien mat
DH0604,KH113,Sac du phong Anker,Phu kien,4,2237518,8950072,2025-10-08 13:00:00,Nha Trang,The tin dung
DH0605,KH264,May hut bui Dyson,Gia dung,1,1586091,1586091,2025-10-28 09:00:00,Ho Chi Minh,The tin dung
DH0606,KH039,Tai nghe Sony WH,Thiet bi so,4,1978161,7912644,2025-11-14 06:00:00,Ho Chi Minh,Vi dien tu
DH0607,KH082,The nho 128GB,Phu kien,1,1580557,1580557,2025-11-25 16:00:00,Hai Phong,Chuyen khoan
DH0608,KH011,iPhone 15,Dien thoai - Laptop,3,29851599,89554797,2025-03-31 11:00:00,Nha Trang,Tien mat
DH0609,KH044,May xay sinh to,Gia dung,1,1632007,1632007,2025-11-26 22:00:00,Hai Phong,Tien mat
DH0610,KH112,May chieu Mini,Thiet bi so,1,1039173,1039173,2025-04-15 20:00:00,Can Tho,Vi dien tu
DH0611,KH015,MacBook Air M3,Dien thoai - Laptop,4,20290987,81163948,2025-08-05 11:00:00,Ho Chi Minh,Chuyen khoan
DH0612,KH202,Noi chien khong dau,Gia dung,3,4669594,14008782,2025-04-25 23:00:00,Nha Trang,The tin dung
DH0613,KH043,MacBook Air M3,Dien thoai - Laptop,4,31025765,124103060,2025-07-27 20:00:00,Nha Trang,Chuyen khoan
DH0614,KH130,Laptop Asus ROG,Dien thoai - Laptop,4,34116450,136465800,2025-09-27 11:00:00,Can Tho,Tien mat
DH0615,KH051,Noi chien khong dau,Gia dung,2,3599341,7198682,2025-02-02 12:00:00,Da Nang,Chuyen khoan
DH0616,KH108,The nho 128GB,Phu kien,3,993563,2980689,2025-06-12 18:00:00,Nha Trang,Chuyen khoan
DH0617,KH038,Cam hanh trinh,Thiet bi so,1,2065409,2065409,2025-12-09 01:00:00,Ho Chi Minh,Tien mat
DH0618,KH146,Noi chien khong dau,Gia dung,1,4845639,4845639,2025-08-02 04:00:00,Can Tho,Chuyen khoan
DH0619,KH171,Noi chien khong dau,Gia dung,2,1425274,2850548,2025-11-06 23:00:00,Da Nang,Chuyen khoan
DH0620,KH179,Sac du phong Anker,Phu kien,3,582697,1748091,2025-08-06 02:00:00,Ho Chi Minh,Tien mat
DH0621,KH208,Noi com dien Cuckoo,Gia dung,1,2605157,2605157,2025-11-20 16:00:00,Nha Trang,The tin dung
DH0622,KH061,iPhone 15,Dien thoai - Laptop,3,16780515,50341545,2025-02-01 17:00:00,Can Tho,Tien mat
DH0623,KH050,iPhone 15,Dien thoai - Laptop,3,25427949,76283847,2025-09-05 23:00:00,Nha Trang,Chuyen khoan
DH0624,KH021,Chuot khong day Logitech,Phu kien,4,1837850,7351400,2025-06-15 07:00:00,Hai Phong,Chuyen khoan
DH0625,KH041,May hut bui Dyson,Gia dung,4,1800080,7200320,2025-06-07 06:00:00,Nha Trang,Chuyen khoan
DH0626,KH372,The nho 128GB,Phu kien,4,2685513,10742052,2025-06-03 04:00:00,Ho Chi Minh,Tien mat
DH0627,KH045,Tu dong Sanaky,Dien lanh,4,15476752,61907008,2025-10-20 16:00:00,Ho Chi Minh,Tien mat
DH0628,KH395,Tu lanh Samsung,Dien lanh,4,11813932,47255728,2025-02-14 02:00:00,Hanoi,The tin dung
DH0629,KH244,The nho 128GB,Phu kien,3,1039369,3118107,2025-04-25 07:00:00,Da Nang,Vi dien tu
DH0630,KH006,Tu dong Sanaky,Dien lanh,2,11202480,22404960,2025-12-10 18:00:00,Hai Phong,The tin dung
DH0631,KH063,Ban phim co,Phu kien,3,1085364,3256092,2025-08-01 19:00:00,Hai Phong,Vi dien tu
DH0632,KH075,Cap sac nhanh,Phu kien,1,865379,865379,2025-12-05 12:00:00,Da Nang,Tien mat
DH0633,KH278,Tu lanh Samsung,Dien lanh,2,12789166,25578332,2025-02-24 17:00:00,Hanoi,The tin dung
DH0634,KH170,Chuot khong day Logitech,Phu kien,4,2006682,8026728,2025-10-02 03:00:00,Hanoi,Vi dien tu
DH0635,KH095,Noi chien khong dau,Gia dung,1,3326055,3326055,2025-11-07 03:00:00,Hanoi,Chuyen khoan
DH0636,KH032,Laptop Asus ROG,Dien thoai - Laptop,1,24515676,24515676,2025-12-01 09:00:00,Da Nang,Tien mat
DH0637,KH144,Samsung Galaxy S24,Dien thoai - Laptop,2,31153348,62306696,2025-01-18 12:00:00,Can Tho,Chuyen khoan
DH0638,KH274,Tai nghe Sony WH,Thiet bi so,2,2856895,5713790,2025-11-19 03:00:00,Can Tho,Vi dien tu
DH0639,KH098,Laptop Asus ROG,Dien thoai - Laptop,3,20677961,62033883,2025-08-13 13:00:00,Hanoi,Chuyen khoan
DH0640,KH149,Dieu hoa Daikin,Dien lanh,4,14522580,58090320,2025-07-03 21:00:00,Ho Chi Minh,Vi dien tu
DH0641,KH294,Cap sac nhanh,Phu kien,2,2495528,4991056,2025-02-18 23:00:00,Da Nang,Chuyen khoan
DH0642,KH268,Tu lanh Samsung,Dien lanh,4,16172795,64691180,2025-09-29 07:00:00,Can Tho,Vi dien tu
DH0643,KH084,Cap sac nhanh,Phu kien,1,2966586,2966586,2025-06-04 11:00:00,Ho Chi Minh,Tien mat
DH0644,KH215,Tai nghe Sony WH,Thiet bi so,3,2736354,8209062,2025-09-01 02:00:00,Can Tho,Chuyen khoan
DH0645,KH145,Tu lanh Samsung,Dien lanh,2,10876908,21753816,2025-01-20 23:00:00,Hanoi,Chuyen khoan
DH0646,KH126,May chieu Mini,Thiet bi so,1,2204208,2204208,2025-10-23 11:00:00,Nha Trang,Chuyen khoan
DH0647,KH313,Dieu hoa Daikin,Dien lanh,3,7517351,22552053,2025-05-12 17:00:00,Da Nang,Vi dien tu
DH0648,KH164,Tai nghe Sony WH,Thiet bi so,2,2714941,5429882,2025-09-02 02:00:00,Da Nang,Tien mat
DH0649,KH041,Loa Bluetooth JBL,Thiet bi so,3,2706842,8120526,2025-03-27 20:00:00,Da Nang,The tin dung
DH0650,KH132,Sac du phong Anker,Phu kien,3,2827365,8482095,2025-05-10 01:00:00,Da Nang,The tin dung
DH0651,KH213,Cap sac nhanh,Phu kien,2,760536,1521072,2025-11-30 05:00:00,Hai Phong,Tien mat
DH0652,KH383,Dieu hoa Daikin,Dien lanh,4,15895818,63583272,2025-11-06 14:00:00,Da Nang,Chuyen khoan
DH0653,KH206,May nuoc nong,Dien lanh,4,6425837,25703348,2025-11-14 06:00:00,Ho Chi Minh,Chuyen khoan
DH0654,KH347,May giat LG,Dien lanh,4,10932697,43730788,2025-12-19 10:00:00,Hanoi,Tien mat
DH0655,KH120,Tu dong Sanaky,Dien lanh,4,11180300,44721200,2025-04-20 19:00:00,Hanoi,Chuyen khoan
DH0656,KH318,Sac du phong Anker,Phu kien,1,338239,338239,2025-05-21 15:00:00,Nha Trang,Tien mat
DH0657,KH055,Lo vi song Sharp,Gia dung,2,4044081,8088162,2025-09-11 11:00:00,Hanoi,Tien mat
DH0658,KH154,Noi chien khong dau,Gia dung,3,1017214,3051642,2025-08-09 10:00:00,Ho Chi Minh,Vi dien tu
DH0659,KH211,The nho 128GB,Phu kien,1,2550337,2550337,2025-10-13 00:00:00,Da Nang,Chuyen khoan
DH0660,KH366,Sac du phong Anker,Phu kien,2,1094959,2189918,2025-06-07 08:00:00,Hai Phong,Chuyen khoan
DH0661,KH034,May xay sinh to,Gia dung,4,4104404,16417616,2025-10-22 07:00:00,Ho Chi Minh,Chuyen khoan
DH0662,KH353,Tu dong Sanaky,Dien lanh,3,14244733,42734199,2025-11-15 05:00:00,Can Tho,Chuyen khoan
DH0663,KH055,May chieu Mini,Thiet bi so,1,2689587,2689587,2025-11-24 23:00:00,Da Nang,Chuyen khoan
DH0664,KH308,Sac du phong Anker,Phu kien,1,970169,970169,2025-10-16 06:00:00,Ho Chi Minh,Chuyen khoan
DH0665,KH250,iPad Pro,Dien thoai - Laptop,4,34170127,136680508,2025-01-29 14:00:00,Da Nang,Vi dien tu
DH0666,KH306,The nho 128GB,Phu kien,3,591224,1773672,2025-08-06 21:00:00,Da Nang,Chuyen khoan
DH0667,KH185,Samsung Galaxy S24,Dien thoai - Laptop,2,31852334,63704668,2025-10-19 20:00:00,Can Tho,Tien mat
DH0668,KH015,Tu lanh Samsung,Dien lanh,3,7288838,21866514,2025-02-19 10:00:00,Hai Phong,The tin dung
DH0669,KH191,The nho 128GB,Phu kien,2,2402117,4804234,2025-01-16 16:00:00,Da Nang,Tien mat
DH0670,KH014,Tu lanh Samsung,Dien lanh,3,14125416,42376248,2025-09-17 17:00:00,Ho Chi Minh,The tin dung
DH0671,KH247,May xay sinh to,Gia dung,2,3807062,7614124,2025-11-24 12:00:00,Ho Chi Minh,The tin dung
DH0672,KH169,May xay sinh to,Gia dung,2,1459200,2918400,2025-11-20 20:00:00,Hanoi,Chuyen khoan
DH0673,KH133,Samsung Galaxy S24,Dien thoai - Laptop,3,25565028,76695084,2025-04-16 02:00:00,Da Nang,The tin dung
DH0674,KH155,Tu lanh Samsung,Dien lanh,2,16464031,32928062,2025-11-26 01:00:00,Hai Phong,Vi dien tu
DH0675,KH315,MacBook Air M3,Dien thoai - Laptop,2,33270045,66540090,2025-10-03 13:00:00,Da Nang,Tien mat
DH0676,KH162,Cap sac nhanh,Phu kien,4,972290,3889160,2025-08-16 15:00:00,Hai Phong,Vi dien tu
DH0677,KH191,May giat LG,Dien lanh,1,10003016,10003016,2025-12-05 06:00:00,Hanoi,Tien mat
DH0678,KH285,Noi chien khong dau,Gia dung,3,3691338,11074014,2025-10-09 01:00:00,Nha Trang,Tien mat
DH0679,KH311,May giat LG,Dien lanh,4,10122087,40488348,2025-09-25 01:00:00,Ho Chi Minh,The tin dung
DH0680,KH220,iPad Pro,Dien thoai - Laptop,2,21290128,42580256,2025-03-18 02:00:00,Hai Phong,Tien mat
DH0681,KH232,May chieu Mini,Thiet bi so,2,1453132,2906264,2025-05-08 12:00:00,Hai Phong,Vi dien tu
DH0682,KH196,May giat LG,Dien lanh,2,9951900,19903800,2025-05-05 20:00:00,Da Nang,Chuyen khoan
DH0683,KH048,May chieu Mini,Thiet bi so,3,1280842,3842526,2025-06-24 19:00:00,Hai Phong,The tin dung
DH0684,KH366,Tai nghe Sony WH,Thiet bi so,3,1658311,4974933,2025-12-17 01:00:00,Hai Phong,Tien mat
DH0685,KH142,Cap sac nhanh,Phu kien,4,1237716,4950864,2025-10-14 01:00:00,Hai Phong,Chuyen khoan
DH0686,KH368,Cam hanh trinh,Thiet bi so,4,1475445,5901780,2025-03-08 03:00:00,Hai Phong,Tien mat
DH0687,KH345,Sac du phong Anker,Phu kien,2,2160727,4321454,2025-09-12 09:00:00,Ho Chi Minh,The tin dung
DH0688,KH047,Tu dong Sanaky,Dien lanh,2,10528424,21056848,2025-03-16 18:00:00,Nha Trang,Vi dien tu
DH0689,KH331,Noi chien khong dau,Gia dung,1,1973093,1973093,2025-09-12 17:00:00,Da Nang,The tin dung
DH0690,KH268,Chuan tivi Xiaomi,Thiet bi so,2,2027361,4054722,2025-08-14 16:00:00,Nha Trang,The tin dung
DH0691,KH261,Cam hanh trinh,Thiet bi so,2,2176288,4352576,2025-11-16 12:00:00,Ho Chi Minh,Chuyen khoan
DH0692,KH243,Cam hanh trinh,Thiet bi so,2,2759671,5519342,2025-04-05 10:00:00,Hanoi,Vi dien tu
DH0693,KH198,Tu lanh Samsung,Dien lanh,3,6583787,19751361,2025-09-26 21:00:00,Hanoi,Vi dien tu
DH0694,KH199,Tu dong Sanaky,Dien lanh,2,13005162,26010324,2025-04-20 19:00:00,Hanoi,Chuyen khoan
DH0695,KH035,MacBook Air M3,Dien thoai - Laptop,4,20999461,83997844,2025-08-24 06:00:00,Da Nang,Vi dien tu
DH0696,KH179,Sac du phong Anker,Phu kien,4,1366887,5467548,2025-02-18 23:00:00,Ho Chi Minh,Vi dien tu
DH0697,KH395,Noi chien khong dau,Gia dung,1,2798872,2798872,2025-02-15 19:00:00,Can Tho,Tien mat
DH0698,KH079,Tu dong Sanaky,Dien lanh,4,7368624,29474496,2025-11-25 10:00:00,Ho Chi Minh,Chuyen khoan
DH0699,KH305,Lo vi song Sharp,Gia dung,1,4342879,4342879,2025-05-07 01:00:00,Hanoi,Chuyen khoan
DH0700,KH155,Lo vi song Sharp,Gia dung,3,3561709,10685127,2025-03-17 02:00:00,Da Nang,Vi dien tu
DH0701,KH298,MacBook Air M3,Dien thoai - Laptop,4,26346295,105385180,2025-05-02 13:00:00,Hai Phong,Vi dien tu
DH0702,KH106,May nuoc nong,Dien lanh,2,6669196,13338392,2025-08-30 10:00:00,Ho Chi Minh,Vi dien tu
DH0703,KH302,May nuoc nong,Dien lanh,3,14055386,42166158,2025-06-03 21:00:00,Hai Phong,The tin dung
DH0704,KH295,Cam hanh trinh,Thiet bi so,3,1334691,4004073,2025-12-13 07:00:00,Da Nang,Vi dien tu
DH0705,KH200,iPad Pro,Dien thoai - Laptop,4,23272922,93091688,2025-09-29 02:00:00,Can Tho,Tien mat
DH0706,KH367,Chuan tivi Xiaomi,Thiet bi so,2,2106751,4213502,2025-01-18 10:00:00,Ho Chi Minh,Vi dien tu
DH0707,KH249,May xay sinh to,Gia dung,3,3080778,9242334,2025-11-24 06:00:00,Ho Chi Minh,Tien mat
DH0708,KH105,Tu lanh Samsung,Dien lanh,1,16152928,16152928,2025-01-16 13:00:00,Can Tho,The tin dung
DH0709,KH035,Dieu hoa Daikin,Dien lanh,1,6722596,6722596,2025-11-17 06:00:00,Hai Phong,The tin dung
DH0710,KH087,Noi chien khong dau,Gia dung,1,4803060,4803060,2025-05-04 10:00:00,Ho Chi Minh,Vi dien tu
DH0711,KH214,Noi chien khong dau,Gia dung,2,1293310,2586620,2025-05-04 18:00:00,Can Tho,Chuyen khoan
DH0712,KH189,iPhone 15,Dien thoai - Laptop,2,32570848,65141696,2025-02-03 03:00:00,Hai Phong,The tin dung
DH0713,KH075,May giat LG,Dien lanh,1,12060377,12060377,2025-04-13 20:00:00,Hanoi,Tien mat
DH0714,KH361,Loa Bluetooth JBL,Thiet bi so,4,2397791,9591164,2025-01-03 19:00:00,Hai Phong,Tien mat
DH0715,KH023,Noi chien khong dau,Gia dung,3,1988384,5965152,2025-03-01 17:00:00,Nha Trang,Chuyen khoan
DH0716,KH237,Tu lanh Samsung,Dien lanh,3,11972627,35917881,2025-11-06 20:00:00,Da Nang,Vi dien tu
DH0717,KH324,Tu lanh Samsung,Dien lanh,1,16266991,16266991,2025-06-12 21:00:00,Hanoi,Vi dien tu
DH0718,KH235,Noi chien khong dau,Gia dung,2,1297092,2594184,2025-07-22 04:00:00,Hanoi,Tien mat
DH0719,KH015,May hut bui Dyson,Gia dung,2,2463826,4927652,2025-08-25 13:00:00,Hanoi,Tien mat
DH0720,KH026,The nho 128GB,Phu kien,2,2659226,5318452,2025-02-05 12:00:00,Hai Phong,Tien mat
DH0721,KH003,Noi chien khong dau,Gia dung,3,4038986,12116958,2025-01-22 04:00:00,Nha Trang,Chuyen khoan
DH0722,KH110,May chieu Mini,Thiet bi so,1,2514958,2514958,2025-12-27 05:00:00,Hanoi,The tin dung
DH0723,KH093,Ban phim co,Phu kien,3,2989270,8967810,2025-07-14 05:00:00,Hai Phong,Chuyen khoan
DH0724,KH075,Chuan tivi Xiaomi,Thiet bi so,2,2542021,5084042,2025-01-12 02:00:00,Da Nang,Vi dien tu
DH0725,KH142,Tu dong Sanaky,Dien lanh,3,13567708,40703124,2025-06-17 15:00:00,Da Nang,Chuyen khoan
DH0726,KH004,Ban phim co,Phu kien,1,2203625,2203625,2025-02-21 06:00:00,Nha Trang,The tin dung
DH0727,KH364,Dieu hoa Daikin,Dien lanh,4,14543370,58173480,2025-03-20 18:00:00,Hai Phong,The tin dung
DH0728,KH031,May hut bui Dyson,Gia dung,3,2770244,8310732,2025-11-16 07:00:00,Hai Phong,The tin dung
DH0729,KH227,iPhone 15,Dien thoai - Laptop,4,29408739,117634956,2025-12-12 05:00:00,Hanoi,The tin dung
DH0730,KH008,Noi com dien Cuckoo,Gia dung,2,1803172,3606344,2025-10-11 07:00:00,Da Nang,Vi dien tu
DH0731,KH046,iPhone 15,Dien thoai - Laptop,4,28331748,113326992,2025-12-25 01:00:00,Hanoi,Chuyen khoan
DH0732,KH019,Cam hanh trinh,Thiet bi so,2,1327092,2654184,2025-04-07 03:00:00,Can Tho,Tien mat
DH0733,KH290,Tai nghe Sony WH,Thiet bi so,4,1900164,7600656,2025-06-21 11:00:00,Nha Trang,Vi dien tu
DH0734,KH002,Laptop Asus ROG,Dien thoai - Laptop,1,21353392,21353392,2025-01-31 12:00:00,Ho Chi Minh,Tien mat
DH0735,KH142,Cap sac nhanh,Phu kien,3,1849631,5548893,2025-09-18 18:00:00,Hanoi,The tin dung
DH0736,KH259,Lo vi song Sharp,Gia dung,1,4837540,4837540,2025-06-18 01:00:00,Hanoi,Vi dien tu
DH0737,KH282,Loa Bluetooth JBL,Thiet bi so,2,1655367,3310734,2025-12-01 16:00:00,Can Tho,The tin dung
DH0738,KH151,Cap sac nhanh,Phu kien,3,1994556,5983668,2025-07-26 02:00:00,Can Tho,The tin dung
DH0739,KH280,iPad Pro,Dien thoai - Laptop,1,26879193,26879193,2025-09-09 18:00:00,Ho Chi Minh,Chuyen khoan
DH0740,KH392,Sac du phong Anker,Phu kien,1,2646247,2646247,2025-04-11 07:00:00,Hai Phong,Tien mat
DH0741,KH167,Tai nghe Sony WH,Thiet bi so,4,330702,1322808,2025-03-23 04:00:00,Da Nang,Chuyen khoan
DH0742,KH099,Chuot khong day Logitech,Phu kien,4,299479,1197916,2025-11-13 04:00:00,Ho Chi Minh,Tien mat
DH0743,KH381,The nho 128GB,Phu kien,3,1382093,4146279,2025-03-04 01:00:00,Ho Chi Minh,Tien mat
DH0744,KH378,Tai nghe Sony WH,Thiet bi so,3,314490,943470,2025-11-27 06:00:00,Nha Trang,The tin dung
DH0745,KH360,Noi chien khong dau,Gia dung,1,4780801,4780801,2025-10-15 07:00:00,Ho Chi Minh,Chuyen khoan
DH0746,KH346,Tu dong Sanaky,Dien lanh,2,17547864,35095728,2025-01-24 07:00:00,Can Tho,Chuyen khoan
DH0747,KH354,Cap sac nhanh,Phu kien,4,606462,2425848,2025-10-31 05:00:00,Nha Trang,The tin dung
DH0748,KH120,May xay sinh to,Gia dung,4,3047582,12190328,2025-12-29 14:00:00,Hai Phong,The tin dung
DH0749,KH251,Lo vi song Sharp,Gia dung,1,4785175,4785175,2025-12-20 10:00:00,Can Tho,Vi dien tu
DH0750,KH350,iPad Pro,Dien thoai - Laptop,1,31311395,31311395,2025-06-26 01:00:00,Nha Trang,Chuyen khoan
DH0751,KH037,The nho 128GB,Phu kien,3,922660,2767980,2025-10-31 20:00:00,Da Nang,Vi dien tu
DH0752,KH256,Tu lanh Samsung,Dien lanh,1,6833614,6833614,2025-02-12 19:00:00,Nha Trang,The tin dung
DH0753,KH262,Tu lanh Samsung,Dien lanh,1,16809443,16809443,2025-07-29 14:00:00,Hai Phong,Tien mat
DH0754,KH398,iPhone 15,Dien thoai - Laptop,4,31345942,125383768,2025-01-31 20:00:00,Nha Trang,The tin dung
DH0755,KH258,May nuoc nong,Dien lanh,2,17375663,34751326,2025-07-31 17:00:00,Da Nang,The tin dung
DH0756,KH389,Tai nghe Sony WH,Thiet bi so,4,2994539,11978156,2025-03-02 06:00:00,Da Nang,Tien mat
DH0757,KH400,Chuan tivi Xiaomi,Thiet bi so,2,2205203,4410406,2025-03-16 00:00:00,Ho Chi Minh,The tin dung
DH0758,KH352,Ban phim co,Phu kien,1,1852671,1852671,2025-04-13 04:00:00,Ho Chi Minh,Vi dien tu
DH0759,KH285,Loa Bluetooth JBL,Thiet bi so,3,899598,2698794,2025-04-17 08:00:00,Da Nang,The tin dung
DH0760,KH338,Lo vi song Sharp,Gia dung,4,3515140,14060560,2025-03-14 20:00:00,Hai Phong,The tin dung
DH0761,KH129,Chuan tivi Xiaomi,Thiet bi so,1,276201,276201,2025-10-15 05:00:00,Da Nang,Tien mat
DH0762,KH103,May hut bui Dyson,Gia dung,2,4498857,8997714,2025-06-04 18:00:00,Nha Trang,Chuyen khoan
DH0763,KH131,Tai nghe Sony WH,Thiet bi so,3,1773797,5321391,2025-10-30 09:00:00,Can Tho,Chuyen khoan
DH0764,KH077,Cap sac nhanh,Phu kien,1,978700,978700,2025-08-15 17:00:00,Nha Trang,Vi dien tu
DH0765,KH380,Loa Bluetooth JBL,Thiet bi so,3,1011105,3033315,2025-02-21 08:00:00,Nha Trang,Tien mat
DH0766,KH357,iPhone 15,Dien thoai - Laptop,4,17548351,70193404,2025-05-30 20:00:00,Da Nang,Chuyen khoan
DH0767,KH243,Ban phim co,Phu kien,1,1293955,1293955,2025-07-06 19:00:00,Can Tho,The tin dung
DH0768,KH189,May xay sinh to,Gia dung,2,3469010,6938020,2025-11-05 19:00:00,Ho Chi Minh,Vi dien tu
DH0769,KH373,Tai nghe Sony WH,Thiet bi so,2,1062949,2125898,2025-07-15 12:00:00,Ho Chi Minh,Tien mat
DH0770,KH086,Chuot khong day Logitech,Phu kien,3,2650300,7950900,2025-10-06 17:00:00,Nha Trang,Vi dien tu
DH0771,KH353,Tu lanh Samsung,Dien lanh,3,16854841,50564523,2025-05-16 20:00:00,Ho Chi Minh,Tien mat
DH0772,KH085,Tu dong Sanaky,Dien lanh,2,16210097,32420194,2025-07-07 05:00:00,Da Nang,The tin dung
DH0773,KH268,Tai nghe Sony WH,Thiet bi so,1,885775,885775,2025-02-16 20:00:00,Hai Phong,The tin dung
DH0774,KH210,Ban phim co,Phu kien,2,2292486,4584972,2025-07-26 22:00:00,Da Nang,Chuyen khoan
DH0775,KH201,Noi com dien Cuckoo,Gia dung,2,4248632,8497264,2025-08-07 22:00:00,Da Nang,The tin dung
DH0776,KH195,Tu dong Sanaky,Dien lanh,2,16602018,33204036,2025-01-05 19:00:00,Can Tho,Tien mat
DH0777,KH254,May hut bui Dyson,Gia dung,1,1627020,1627020,2025-03-07 01:00:00,Da Nang,Vi dien tu
DH0778,KH131,May xay sinh to,Gia dung,3,2431710,7295130,2025-05-15 03:00:00,Hai Phong,The tin dung
DH0779,KH090,Cap sac nhanh,Phu kien,3,447642,1342926,2025-12-09 21:00:00,Da Nang,Chuyen khoan
DH0780,KH039,Chuot khong day Logitech,Phu kien,1,490279,490279,2025-08-31 07:00:00,Hanoi,Tien mat
DH0781,KH002,Tu lanh Samsung,Dien lanh,2,17654196,35308392,2025-06-19 06:00:00,Can Tho,Vi dien tu
DH0782,KH236,Tu dong Sanaky,Dien lanh,2,8776686,17553372,2025-11-03 05:00:00,Nha Trang,The tin dung
DH0783,KH152,Tu dong Sanaky,Dien lanh,1,11968870,11968870,2025-03-10 12:00:00,Hanoi,Tien mat
DH0784,KH305,MacBook Air M3,Dien thoai - Laptop,1,28163564,28163564,2025-10-08 00:00:00,Hanoi,The tin dung
DH0785,KH320,May nuoc nong,Dien lanh,4,8712066,34848264,2025-06-20 23:00:00,Hai Phong,Tien mat
DH0786,KH294,The nho 128GB,Phu kien,4,1392729,5570916,2025-12-30 01:00:00,Can Tho,Chuyen khoan
DH0787,KH192,Cam hanh trinh,Thiet bi so,2,2903094,5806188,2025-06-19 15:00:00,Hai Phong,Chuyen khoan
DH0788,KH379,Chuan tivi Xiaomi,Thiet bi so,2,2531847,5063694,2025-10-29 13:00:00,Nha Trang,Chuyen khoan
DH0789,KH300,Tu dong Sanaky,Dien lanh,3,8330412,24991236,2025-11-05 23:00:00,Nha Trang,Chuyen khoan
DH0790,KH370,Dieu hoa Daikin,Dien lanh,2,11586875,23173750,2025-06-07 10:00:00,Da Nang,The tin dung
DH0791,KH400,Cam hanh trinh,Thiet bi so,1,1352173,1352173,2025-03-19 10:00:00,Can Tho,The tin dung
DH0792,KH117,MacBook Air M3,Dien thoai - Laptop,2,28376755,56753510,2025-01-02 11:00:00,Da Nang,Chuyen khoan
DH0793,KH019,MacBook Air M3,Dien thoai - Laptop,3,31364448,94093344,2025-07-03 08:00:00,Da Nang,The tin dung
DH0794,KH370,iPad Pro,Dien thoai - Laptop,1,15888179,15888179,2025-11-25 10:00:00,Da Nang,Vi dien tu
DH0795,KH317,Lo vi song Sharp,Gia dung,4,2149504,8598016,2025-06-15 09:00:00,Hanoi,Vi dien tu
DH0796,KH075,Cam hanh trinh,Thiet bi so,4,1791150,7164600,2025-08-15 02:00:00,Hai Phong,The tin dung
DH0797,KH233,Noi chien khong dau,Gia dung,3,4524987,13574961,2025-06-12 16:00:00,Nha Trang,The tin dung
DH0798,KH125,May nuoc nong,Dien lanh,4,17663547,70654188,2025-08-20 12:00:00,Nha Trang,Vi dien tu
DH0799,KH087,Tai nghe Sony WH,Thiet bi so,1,1562850,1562850,2025-07-13 05:00:00,Da Nang,Vi dien tu
DH0800,KH034,Laptop Asus ROG,Dien thoai - Laptop,2,27050171,54100342,2025-08-06 09:00:00,Can Tho,Tien mat
DH0801,KH396,Cam hanh trinh,Thiet bi so,4,2851459,11405836,2025-01-29 21:00:00,Ho Chi Minh,Tien mat
DH0802,KH277,Sac du phong Anker,Phu kien,2,2499117,4998234,2025-12-24 23:00:00,Can Tho,Tien mat
DH0803,KH210,May giat LG,Dien lanh,3,16020084,48060252,2025-01-09 17:00:00,Hanoi,Tien mat
DH0804,KH220,Cap sac nhanh,Phu kien,3,543166,1629498,2025-05-08 06:00:00,Can Tho,The tin dung
DH0805,KH031,Chuot khong day Logitech,Phu kien,4,2251247,9004988,2025-10-05 21:00:00,Nha Trang,The tin dung
DH0806,KH115,Tu lanh Samsung,Dien lanh,1,17116235,17116235,2025-05-23 05:00:00,Hai Phong,The tin dung
DH0807,KH001,Samsung Galaxy S24,Dien thoai - Laptop,1,28140490,28140490,2025-08-20 20:00:00,Can Tho,Chuyen khoan
DH0808,KH105,The nho 128GB,Phu kien,4,1199738,4798952,2025-11-24 21:00:00,Hanoi,The tin dung
DH0809,KH264,Samsung Galaxy S24,Dien thoai - Laptop,2,19129885,38259770,2025-07-13 15:00:00,Can Tho,Vi dien tu
DH0810,KH352,May chieu Mini,Thiet bi so,3,877794,2633382,2025-03-15 08:00:00,Ho Chi Minh,The tin dung
DH0811,KH148,Noi com dien Cuckoo,Gia dung,2,4999268,9998536,2025-08-16 09:00:00,Ho Chi Minh,Tien mat
DH0812,KH164,Lo vi song Sharp,Gia dung,1,1989685,1989685,2025-06-12 21:00:00,Ho Chi Minh,Tien mat
DH0813,KH203,Ban phim co,Phu kien,2,1420672,2841344,2025-01-02 11:00:00,Hanoi,Chuyen khoan
DH0814,KH098,Tu dong Sanaky,Dien lanh,1,7759437,7759437,2025-07-20 01:00:00,Da Nang,The tin dung
DH0815,KH035,Tu dong Sanaky,Dien lanh,1,7781186,7781186,2025-06-22 23:00:00,Ho Chi Minh,Tien mat
DH0816,KH221,Tai nghe Sony WH,Thiet bi so,1,974325,974325,2025-12-12 07:00:00,Can Tho,The tin dung
DH0817,KH358,iPhone 15,Dien thoai - Laptop,1,17764180,17764180,2025-07-16 23:00:00,Ho Chi Minh,Chuyen khoan
DH0818,KH162,iPhone 15,Dien thoai - Laptop,4,21543293,86173172,2025-08-15 18:00:00,Can Tho,Tien mat
DH0819,KH354,Tu dong Sanaky,Dien lanh,1,16067657,16067657,2025-10-08 05:00:00,Ho Chi Minh,Chuyen khoan
DH0820,KH192,Cap sac nhanh,Phu kien,2,2644932,5289864,2025-04-02 14:00:00,Hai Phong,Chuyen khoan
DH0821,KH100,iPhone 15,Dien thoai - Laptop,3,18814481,56443443,2025-05-19 17:00:00,Can Tho,The tin dung
DH0822,KH214,May chieu Mini,Thiet bi so,2,787025,1574050,2025-06-15 06:00:00,Hanoi,Vi dien tu
DH0823,KH187,Dieu hoa Daikin,Dien lanh,2,10842840,21685680,2025-12-04 22:00:00,Nha Trang,Tien mat
DH0824,KH146,The nho 128GB,Phu kien,4,1312621,5250484,2025-02-17 23:00:00,Ho Chi Minh,The tin dung
DH0825,KH147,Chuot khong day Logitech,Phu kien,2,2336313,4672626,2025-10-27 05:00:00,Nha Trang,Chuyen khoan
DH0826,KH339,Sac du phong Anker,Phu kien,2,1398740,2797480,2025-05-03 11:00:00,Nha Trang,The tin dung
DH0827,KH385,Tu lanh Samsung,Dien lanh,4,13893836,55575344,2025-12-21 08:00:00,Da Nang,Tien mat
DH0828,KH067,Noi com dien Cuckoo,Gia dung,3,3019175,9057525,2025-12-09 07:00:00,Nha Trang,Vi dien tu
DH0829,KH108,iPhone 15,Dien thoai - Laptop,4,23058467,92233868,2025-11-19 07:00:00,Ho Chi Minh,Vi dien tu
DH0830,KH359,May xay sinh to,Gia dung,4,1171808,4687232,2025-07-08 13:00:00,Hai Phong,The tin dung
DH0831,KH039,Chuot khong day Logitech,Phu kien,2,2738333,5476666,2025-04-03 22:00:00,Hanoi,Tien mat
DH0832,KH207,MacBook Air M3,Dien thoai - Laptop,1,17587664,17587664,2025-08-03 01:00:00,Nha Trang,Tien mat
DH0833,KH310,Cam hanh trinh,Thiet bi so,2,782295,1564590,2025-12-25 03:00:00,Da Nang,The tin dung
DH0834,KH064,Chuan tivi Xiaomi,Thiet bi so,2,733069,1466138,2025-05-17 18:00:00,Nha Trang,Tien mat
DH0835,KH203,Noi chien khong dau,Gia dung,3,2009300,6027900,2025-10-29 22:00:00,Da Nang,Chuyen khoan
DH0836,KH022,Ban phim co,Phu kien,2,730046,1460092,2025-05-02 08:00:00,Nha Trang,Chuyen khoan
DH0837,KH187,Noi chien khong dau,Gia dung,1,3623713,3623713,2025-12-19 07:00:00,Ho Chi Minh,Tien mat
DH0838,KH013,May hut bui Dyson,Gia dung,4,4582508,18330032,2025-07-09 17:00:00,Can Tho,Vi dien tu
DH0839,KH077,May chieu Mini,Thiet bi so,4,284781,1139124,2025-02-05 23:00:00,Ho Chi Minh,Chuyen khoan
DH0840,KH261,Noi com dien Cuckoo,Gia dung,2,2152053,4304106,2025-06-28 13:00:00,Can Tho,Chuyen khoan
DH0841,KH183,Ban phim co,Phu kien,1,660530,660530,2025-05-14 19:00:00,Hai Phong,Chuyen khoan
DH0842,KH210,iPad Pro,Dien thoai - Laptop,1,21436322,21436322,2025-12-19 13:00:00,Da Nang,Tien mat
DH0843,KH288,May nuoc nong,Dien lanh,2,10653582,21307164,2025-11-13 10:00:00,Nha Trang,Chuyen khoan
DH0844,KH361,May xay sinh to,Gia dung,4,3986881,15947524,2025-01-04 05:00:00,Da Nang,Vi dien tu
DH0845,KH003,May hut bui Dyson,Gia dung,1,4611079,4611079,2025-12-18 06:00:00,Can Tho,The tin dung
DH0846,KH164,May chieu Mini,Thiet bi so,3,1014886,3044658,2025-12-24 08:00:00,Da Nang,Vi dien tu
DH0847,KH322,Loa Bluetooth JBL,Thiet bi so,2,2980500,5961000,2025-01-17 23:00:00,Ho Chi Minh,The tin dung
DH0848,KH065,Noi chien khong dau,Gia dung,1,4972084,4972084,2025-08-14 14:00:00,Ho Chi Minh,Vi dien tu
DH0849,KH342,Chuan tivi Xiaomi,Thiet bi so,3,550634,1651902,2025-04-14 22:00:00,Da Nang,Vi dien tu
DH0850,KH044,Cap sac nhanh,Phu kien,3,2025050,6075150,2025-06-29 13:00:00,Can Tho,Vi dien tu
DH0851,KH348,Tai nghe Sony WH,Thiet bi so,1,1640506,1640506,2025-10-23 02:00:00,Hai Phong,Chuyen khoan
DH0852,KH250,iPad Pro,Dien thoai - Laptop,1,26978191,26978191,2025-01-09 15:00:00,Hanoi,The tin dung
DH0853,KH026,Ban phim co,Phu kien,4,1045180,4180720,2025-11-17 19:00:00,Hanoi,Vi dien tu
DH0854,KH356,Laptop Asus ROG,Dien thoai - Laptop,3,33122960,99368880,2025-11-19 14:00:00,Da Nang,Chuyen khoan
DH0855,KH058,MacBook Air M3,Dien thoai - Laptop,1,16664567,16664567,2025-10-11 08:00:00,Hanoi,The tin dung
DH0856,KH361,Chuot khong day Logitech,Phu kien,2,1293995,2587990,2025-12-12 19:00:00,Da Nang,Chuyen khoan
DH0857,KH214,Ban phim co,Phu kien,4,2736806,10947224,2025-03-30 02:00:00,Ho Chi Minh,Vi dien tu
DH0858,KH130,Lo vi song Sharp,Gia dung,1,1368969,1368969,2025-03-07 14:00:00,Hanoi,The tin dung
DH0859,KH177,Cam hanh trinh,Thiet bi so,2,1922452,3844904,2025-06-24 05:00:00,Da Nang,The tin dung
DH0860,KH386,Samsung Galaxy S24,Dien thoai - Laptop,3,17952727,53858181,2025-04-23 08:00:00,Nha Trang,Tien mat
DH0861,KH230,Dieu hoa Daikin,Dien lanh,2,6766893,13533786,2025-08-17 05:00:00,Nha Trang,Chuyen khoan
DH0862,KH339,Noi com dien Cuckoo,Gia dung,4,3776043,15104172,2025-11-26 16:00:00,Ho Chi Minh,Chuyen khoan
DH0863,KH185,May xay sinh to,Gia dung,2,2118445,4236890,2025-08-17 20:00:00,Hai Phong,Vi dien tu
DH0864,KH243,May nuoc nong,Dien lanh,3,16744033,50232099,2025-04-03 13:00:00,Ho Chi Minh,Tien mat
DH0865,KH023,MacBook Air M3,Dien thoai - Laptop,2,19510283,39020566,2025-04-13 18:00:00,Hai Phong,Chuyen khoan
DH0866,KH315,Dieu hoa Daikin,Dien lanh,2,8736974,17473948,2025-03-02 23:00:00,Hanoi,The tin dung
DH0867,KH328,May chieu Mini,Thiet bi so,2,1931871,3863742,2025-12-29 04:00:00,Nha Trang,Tien mat
DH0868,KH397,Tai nghe Sony WH,Thiet bi so,3,1615471,4846413,2025-06-30 09:00:00,Hanoi,Vi dien tu
DH0869,KH173,Lo vi song Sharp,Gia dung,3,3378577,10135731,2025-12-19 21:00:00,Da Nang,Chuyen khoan
DH0870,KH208,Cap sac nhanh,Phu kien,4,1928532,7714128,2025-08-20 22:00:00,Hanoi,The tin dung
DH0871,KH216,Tai nghe Sony WH,Thiet bi so,1,2862961,2862961,2025-06-10 22:00:00,Can Tho,The tin dung
DH0872,KH156,Lo vi song Sharp,Gia dung,4,1249186,4996744,2025-05-26 19:00:00,Da Nang,Tien mat
DH0873,KH254,Noi chien khong dau,Gia dung,2,3325501,6651002,2025-02-08 19:00:00,Ho Chi Minh,Vi dien tu
DH0874,KH266,Tu dong Sanaky,Dien lanh,2,10920228,21840456,2025-12-02 00:00:00,Da Nang,Vi dien tu
DH0875,KH192,Noi com dien Cuckoo,Gia dung,1,1736226,1736226,2025-09-02 08:00:00,Da Nang,Vi dien tu
DH0876,KH027,Sac du phong Anker,Phu kien,3,1782946,5348838,2025-12-28 09:00:00,Can Tho,Tien mat
DH0877,KH344,Noi com dien Cuckoo,Gia dung,3,2935607,8806821,2025-12-20 19:00:00,Hanoi,Chuyen khoan
DH0878,KH329,May xay sinh to,Gia dung,3,3274471,9823413,2025-12-02 19:00:00,Ho Chi Minh,The tin dung
DH0879,KH256,Tu lanh Samsung,Dien lanh,3,15641582,46924746,2025-11-26 19:00:00,Hai Phong,Chuyen khoan
DH0880,KH044,May chieu Mini,Thiet bi so,2,2554213,5108426,2025-10-16 09:00:00,Can Tho,The tin dung
DH0881,KH190,Dieu hoa Daikin,Dien lanh,1,10224786,10224786,2025-03-11 13:00:00,Nha Trang,Chuyen khoan
DH0882,KH149,May chieu Mini,Thiet bi so,4,486682,1946728,2025-01-07 16:00:00,Hai Phong,Vi dien tu
DH0883,KH104,Chuot khong day Logitech,Phu kien,4,2977795,11911180,2025-10-12 21:00:00,Da Nang,Vi dien tu
DH0884,KH179,Dieu hoa Daikin,Dien lanh,4,7195331,28781324,2025-01-02 07:00:00,Can Tho,The tin dung
DH0885,KH205,iPad Pro,Dien thoai - Laptop,3,24158065,72474195,2025-10-07 03:00:00,Nha Trang,Tien mat
DH0886,KH245,May nuoc nong,Dien lanh,2,12173829,24347658,2025-02-19 18:00:00,Ho Chi Minh,The tin dung
DH0887,KH017,Tu lanh Samsung,Dien lanh,1,14515590,14515590,2025-04-01 19:00:00,Hanoi,Tien mat
DH0888,KH115,Dieu hoa Daikin,Dien lanh,3,9982788,29948364,2025-05-27 08:00:00,Can Tho,Vi dien tu
DH0889,KH270,May hut bui Dyson,Gia dung,3,2962782,8888346,2025-10-30 08:00:00,Hanoi,The tin dung
DH0890,KH349,Lo vi song Sharp,Gia dung,4,3305309,13221236,2025-07-05 22:00:00,Ho Chi Minh,Chuyen khoan
DH0891,KH164,Cap sac nhanh,Phu kien,4,1207477,4829908,2025-05-09 19:00:00,Ho Chi Minh,Chuyen khoan
DH0892,KH321,May chieu Mini,Thiet bi so,2,2975017,5950034,2025-11-19 11:00:00,Da Nang,The tin dung
DH0893,KH158,iPhone 15,Dien thoai - Laptop,3,19170233,57510699,2025-01-03 09:00:00,Da Nang,Vi dien tu
DH0894,KH366,Tai nghe Sony WH,Thiet bi so,1,2622263,2622263,2025-07-05 22:00:00,Ho Chi Minh,Vi dien tu
DH0895,KH159,MacBook Air M3,Dien thoai - Laptop,2,15580540,31161080,2025-09-06 20:00:00,Hanoi,The tin dung
DH0896,KH134,Chuan tivi Xiaomi,Thiet bi so,4,1541103,6164412,2025-03-01 14:00:00,Ho Chi Minh,Chuyen khoan
DH0897,KH058,MacBook Air M3,Dien thoai - Laptop,4,29487788,117951152,2025-04-20 03:00:00,Hai Phong,Chuyen khoan
DH0898,KH036,Sac du phong Anker,Phu kien,3,2099936,6299808,2025-05-15 11:00:00,Ho Chi Minh,Chuyen khoan
DH0899,KH307,Dieu hoa Daikin,Dien lanh,4,9009063,36036252,2025-11-29 19:00:00,Ho Chi Minh,The tin dung
DH0900,KH059,Sac du phong Anker,Phu kien,1,793091,793091,2025-11-21 09:00:00,Ho Chi Minh,Vi dien tu
DH0901,KH216,Noi chien khong dau,Gia dung,2,2031016,4062032,2025-12-20 18:00:00,Nha Trang,Vi dien tu
DH0902,KH149,Dieu hoa Daikin,Dien lanh,3,8989215,26967645,2025-01-07 14:00:00,Hanoi,Tien mat
DH0903,KH166,Tu lanh Samsung,Dien lanh,1,11108068,11108068,2025-11-27 10:00:00,Hanoi,The tin dung
DH0904,KH379,May nuoc nong,Dien lanh,4,15738975,62955900,2025-01-09 08:00:00,Ho Chi Minh,Tien mat
DH0905,KH349,Chuan tivi Xiaomi,Thiet bi so,1,2909804,2909804,2025-09-27 21:00:00,Nha Trang,Chuyen khoan
DH0906,KH022,Tu dong Sanaky,Dien lanh,3,13812037,41436111,2025-11-15 23:00:00,Da Nang,Tien mat
DH0907,KH385,Dieu hoa Daikin,Dien lanh,1,6880834,6880834,2025-03-12 06:00:00,Ho Chi Minh,The tin dung
DH0908,KH354,Loa Bluetooth JBL,Thiet bi so,2,1989390,3978780,2025-08-19 21:00:00,Nha Trang,Vi dien tu
DH0909,KH283,Chuot khong day Logitech,Phu kien,1,650158,650158,2025-12-14 19:00:00,Nha Trang,Tien mat
DH0910,KH026,The nho 128GB,Phu kien,1,717976,717976,2025-05-28 09:00:00,Nha Trang,Chuyen khoan
DH0911,KH125,Noi com dien Cuckoo,Gia dung,4,2104724,8418896,2025-10-26 11:00:00,Hanoi,Vi dien tu
DH0912,KH024,The nho 128GB,Phu kien,2,1650480,3300960,2025-12-30 15:00:00,Da Nang,Tien mat
DH0913,KH361,Ban phim co,Phu kien,2,1839580,3679160,2025-02-12 07:00:00,Can Tho,The tin dung
DH0914,KH228,Sac du phong Anker,Phu kien,1,1048259,1048259,2025-11-19 10:00:00,Ho Chi Minh,Vi dien tu
DH0915,KH225,The nho 128GB,Phu kien,1,2822453,2822453,2025-01-04 08:00:00,Nha Trang,The tin dung
DH0916,KH388,May chieu Mini,Thiet bi so,4,621257,2485028,2025-10-12 12:00:00,Hai Phong,Tien mat
DH0917,KH274,iPhone 15,Dien thoai - Laptop,4,25723728,102894912,2025-09-06 07:00:00,Nha Trang,Chuyen khoan
DH0918,KH079,May giat LG,Dien lanh,4,16202640,64810560,2025-01-28 11:00:00,Nha Trang,Vi dien tu
DH0919,KH113,MacBook Air M3,Dien thoai - Laptop,1,34046381,34046381,2025-07-04 07:00:00,Hanoi,Vi dien tu
DH0920,KH115,Tu lanh Samsung,Dien lanh,1,11755316,11755316,2025-11-28 16:00:00,Nha Trang,The tin dung
DH0921,KH168,May nuoc nong,Dien lanh,3,7361586,22084758,2025-09-04 11:00:00,Nha Trang,The tin dung
DH0922,KH189,Laptop Asus ROG,Dien thoai - Laptop,4,21448563,85794252,2025-12-01 01:00:00,Can Tho,The tin dung
DH0923,KH153,Cam hanh trinh,Thiet bi so,2,1275417,2550834,2025-03-27 23:00:00,Hai Phong,Chuyen khoan
DH0924,KH197,Tai nghe Sony WH,Thiet bi so,2,810162,1620324,2025-06-01 19:00:00,Nha Trang,Tien mat
DH0925,KH393,iPad Pro,Dien thoai - Laptop,1,26416341,26416341,2025-07-14 17:00:00,Hanoi,Vi dien tu
DH0926,KH251,Noi chien khong dau,Gia dung,2,3478413,6956826,2025-09-03 23:00:00,Da Nang,Vi dien tu
DH0927,KH197,Tu dong Sanaky,Dien lanh,4,10118556,40474224,2025-01-11 18:00:00,Nha Trang,Chuyen khoan
DH0928,KH175,Sac du phong Anker,Phu kien,3,494643,1483929,2025-06-30 14:00:00,Hai Phong,Vi dien tu
DH0929,KH050,Tu lanh Samsung,Dien lanh,2,7856128,15712256,2025-04-09 16:00:00,Nha Trang,Tien mat
DH0930,KH056,Chuan tivi Xiaomi,Thiet bi so,1,787892,787892,2025-03-04 08:00:00,Da Nang,Chuyen khoan
DH0931,KH121,May giat LG,Dien lanh,3,11199880,33599640,2025-01-02 19:00:00,Nha Trang,Tien mat
DH0932,KH208,May chieu Mini,Thiet bi so,2,1311105,2622210,2025-03-04 07:00:00,Ho Chi Minh,Vi dien tu
DH0933,KH259,Chuan tivi Xiaomi,Thiet bi so,2,1184414,2368828,2025-03-14 20:00:00,Can Tho,Chuyen khoan
DH0934,KH039,Samsung Galaxy S24,Dien thoai - Laptop,3,26511212,79533636,2025-06-19 19:00:00,Can Tho,Tien mat
DH0935,KH224,Laptop Asus ROG,Dien thoai - Laptop,1,30287790,30287790,2025-09-25 23:00:00,Can Tho,Chuyen khoan
DH0936,KH157,Cap sac nhanh,Phu kien,4,1479213,5916852,2025-07-30 15:00:00,Ho Chi Minh,Chuyen khoan
DH0937,KH336,Chuot khong day Logitech,Phu kien,4,571166,2284664,2025-01-23 12:00:00,Da Nang,Tien mat
DH0938,KH387,Sac du phong Anker,Phu kien,2,1563936,3127872,2025-11-02 19:00:00,Hai Phong,The tin dung
DH0939,KH107,May nuoc nong,Dien lanh,2,9671068,19342136,2025-06-02 17:00:00,Hai Phong,The tin dung
DH0940,KH064,Lo vi song Sharp,Gia dung,3,2378764,7136292,2025-08-26 21:00:00,Can Tho,Tien mat
DH0941,KH028,Sac du phong Anker,Phu kien,2,1233293,2466586,2025-03-18 03:00:00,Hai Phong,Tien mat
DH0942,KH325,The nho 128GB,Phu kien,3,2654971,7964913,2025-04-05 06:00:00,Hanoi,Vi dien tu
DH0943,KH219,Sac du phong Anker,Phu kien,3,1692302,5076906,2025-05-15 22:00:00,Can Tho,Vi dien tu
DH0944,KH256,May xay sinh to,Gia dung,1,2310248,2310248,2025-11-18 03:00:00,Hai Phong,Tien mat
DH0945,KH199,Laptop Asus ROG,Dien thoai - Laptop,3,32571009,97713027,2025-05-18 17:00:00,Hai Phong,Chuyen khoan
DH0946,KH138,Cap sac nhanh,Phu kien,1,456887,456887,2025-05-04 07:00:00,Hai Phong,The tin dung
DH0947,KH326,May hut bui Dyson,Gia dung,1,4012761,4012761,2025-10-06 18:00:00,Da Nang,Chuyen khoan
DH0948,KH210,Cam hanh trinh,Thiet bi so,4,1679958,6719832,2025-07-17 10:00:00,Can Tho,Vi dien tu
DH0949,KH152,Sac du phong Anker,Phu kien,1,439992,439992,2025-07-04 23:00:00,Hai Phong,Chuyen khoan
DH0950,KH026,Tu lanh Samsung,Dien lanh,3,17461966,52385898,2025-05-26 15:00:00,Can Tho,Chuyen khoan
DH0951,KH385,Noi chien khong dau,Gia dung,4,4626022,18504088,2025-06-27 10:00:00,Da Nang,The tin dung
DH0952,KH267,Lo vi song Sharp,Gia dung,2,2467182,4934364,2025-02-22 13:00:00,Nha Trang,Vi dien tu
DH0953,KH378,Dieu hoa Daikin,Dien lanh,2,15231074,30462148,2025-06-27 05:00:00,Can Tho,Chuyen khoan
DH0954,KH192,Chuot khong day Logitech,Phu kien,3,2432502,7297506,2025-04-07 22:00:00,Hanoi,The tin dung
DH0955,KH317,Samsung Galaxy S24,Dien thoai - Laptop,2,34765967,69531934,2025-09-06 23:00:00,Ho Chi Minh,Vi dien tu
DH0956,KH066,Tu lanh Samsung,Dien lanh,4,11458756,45835024,2025-05-03 04:00:00,Can Tho,Vi dien tu
DH0957,KH337,Samsung Galaxy S24,Dien thoai - Laptop,3,34315378,102946134,2025-03-28 04:00:00,Can Tho,Chuyen khoan
DH0958,KH148,Lo vi song Sharp,Gia dung,4,2418788,9675152,2025-01-19 04:00:00,Can Tho,Chuyen khoan
DH0959,KH164,May giat LG,Dien lanh,1,15497732,15497732,2025-03-19 22:00:00,Hanoi,Vi dien tu
DH0960,KH303,Tu lanh Samsung,Dien lanh,1,16101970,16101970,2025-04-05 22:00:00,Ho Chi Minh,Vi dien tu
DH0961,KH029,May nuoc nong,Dien lanh,2,15867592,31735184,2025-03-21 06:00:00,Ho Chi Minh,Vi dien tu
DH0962,KH374,Ban phim co,Phu kien,1,1314611,1314611,2025-08-12 21:00:00,Hanoi,The tin dung
DH0963,KH101,Samsung Galaxy S24,Dien thoai - Laptop,2,25556631,51113262,2025-11-01 07:00:00,Hai Phong,Chuyen khoan
DH0964,KH290,MacBook Air M3,Dien thoai - Laptop,4,29671448,118685792,2025-01-13 19:00:00,Hai Phong,The tin dung
DH0965,KH066,May hut bui Dyson,Gia dung,1,3069707,3069707,2025-09-17 20:00:00,Nha Trang,The tin dung
DH0966,KH032,Samsung Galaxy S24,Dien thoai - Laptop,3,32479339,97438017,2025-11-15 23:00:00,Hai Phong,Chuyen khoan
DH0967,KH062,Tai nghe Sony WH,Thiet bi so,1,1462119,1462119,2025-06-05 00:00:00,Da Nang,Tien mat
DH0968,KH254,MacBook Air M3,Dien thoai - Laptop,1,17679513,17679513,2025-06-30 03:00:00,Nha Trang,Chuyen khoan
DH0969,KH396,Samsung Galaxy S24,Dien thoai - Laptop,4,34895368,139581472,2025-09-08 14:00:00,Ho Chi Minh,The tin dung
DH0970,KH049,iPad Pro,Dien thoai - Laptop,1,34927902,34927902,2025-10-14 04:00:00,Da Nang,Tien mat
DH0971,KH324,May xay sinh to,Gia dung,1,2140913,2140913,2025-10-16 12:00:00,Nha Trang,Vi dien tu
DH0972,KH302,May xay sinh to,Gia dung,2,4883629,9767258,2025-03-11 13:00:00,Ho Chi Minh,The tin dung
DH0973,KH070,Noi com dien Cuckoo,Gia dung,3,4451908,13355724,2025-10-26 01:00:00,Ho Chi Minh,The tin dung
DH0974,KH290,Sac du phong Anker,Phu kien,3,1684041,5052123,2025-05-24 19:00:00,Ho Chi Minh,Chuyen khoan
DH0975,KH223,Tu lanh Samsung,Dien lanh,2,16122380,32244760,2025-02-09 05:00:00,Hai Phong,The tin dung
DH0976,KH029,Noi chien khong dau,Gia dung,1,1403541,1403541,2025-05-08 07:00:00,Hanoi,Vi dien tu
DH0977,KH273,Cam hanh trinh,Thiet bi so,4,426028,1704112,2025-09-07 11:00:00,Nha Trang,Chuyen khoan
DH0978,KH324,Samsung Galaxy S24,Dien thoai - Laptop,1,33354903,33354903,2025-08-27 14:00:00,Hai Phong,Chuyen khoan
DH0979,KH027,Noi chien khong dau,Gia dung,4,2846359,11385436,2025-06-26 16:00:00,Hai Phong,Tien mat
DH0980,KH390,May nuoc nong,Dien lanh,2,17742562,35485124,2025-04-23 07:00:00,Nha Trang,Tien mat
DH0981,KH367,Sac du phong Anker,Phu kien,2,1734412,3468824,2025-09-01 01:00:00,Ho Chi Minh,Tien mat
DH0982,KH172,May giat LG,Dien lanh,3,13011160,39033480,2025-12-21 11:00:00,Can Tho,The tin dung
DH0983,KH140,Tu dong Sanaky,Dien lanh,2,6304524,12609048,2025-05-04 01:00:00,Ho Chi Minh,Chuyen khoan
DH0984,KH353,Cam hanh trinh,Thiet bi so,3,833631,2500893,2025-08-14 01:00:00,Ho Chi Minh,Vi dien tu
DH0985,KH256,May nuoc nong,Dien lanh,3,12282741,36848223,2025-12-16 08:00:00,Ho Chi Minh,The tin dung
DH0986,KH093,Chuot khong day Logitech,Phu kien,3,631290,1893870,2025-01-26 04:00:00,Hanoi,The tin dung
DH0987,KH110,Cap sac nhanh,Phu kien,4,1499652,5998608,2025-12-10 07:00:00,Da Nang,Vi dien tu
DH0988,KH253,Samsung Galaxy S24,Dien thoai - Laptop,4,16789618,67158472,2025-06-09 22:00:00,Hanoi,Chuyen khoan
DH0989,KH016,Ban phim co,Phu kien,3,2696456,8089368,2025-04-15 09:00:00,Hai Phong,Tien mat
DH0990,KH258,iPhone 15,Dien thoai - Laptop,4,29886409,119545636,2025-08-14 20:00:00,Hai Phong,The tin dung
DH0991,KH237,MacBook Air M3,Dien thoai - Laptop,1,16406917,16406917,2025-01-14 17:00:00,Da Nang,Chuyen khoan
DH0992,KH175,iPad Pro,Dien thoai - Laptop,2,15469614,30939228,2025-11-01 02:00:00,Da Nang,The tin dung
DH0993,KH247,Noi com dien Cuckoo,Gia dung,4,1254590,5018360,2025-10-08 06:00:00,Can Tho,Vi dien tu
DH0994,KH359,Samsung Galaxy S24,Dien thoai - Laptop,1,20584730,20584730,2025-06-08 09:00:00,Hai Phong,Vi dien tu
DH0995,KH225,Tu lanh Samsung,Dien lanh,4,9928984,39715936,2025-06-22 10:00:00,Hanoi,Tien mat
DH0996,KH081,Tai nghe Sony WH,Thiet bi so,2,1684748,3369496,2025-03-26 12:00:00,Nha Trang,Chuyen khoan
DH0997,KH372,Ban phim co,Phu kien,4,1491112,5964448,2025-03-08 19:00:00,Nha Trang,Tien mat
DH0998,KH399,Tai nghe Sony WH,Thiet bi so,3,1999273,5997819,2025-02-15 01:00:00,Da Nang,The tin dung
DH0999,KH348,Loa Bluetooth JBL,Thiet bi so,1,1733876,1733876,2025-07-17 14:00:00,Hai Phong,Tien mat
DH1000,KH262,Noi com dien Cuckoo,Gia dung,3,1806413,5419239,2025-10-03 07:00:00,Ho Chi Minh,Chuyen khoan
DH1001,KH066,Ban phim co,Phu kien,2,1479617,2959234,2025-02-01 19:00:00,Hanoi,The tin dung
DH1002,KH021,Tu lanh Samsung,Dien lanh,2,16160075,32320150,2025-06-05 22:00:00,Hai Phong,Tien mat
DH1003,KH204,Chuot khong day Logitech,Phu kien,2,2682278,5364556,2025-05-20 01:00:00,Ho Chi Minh,Chuyen khoan
DH1004,KH163,Laptop Asus ROG,Dien thoai - Laptop,4,17884298,71537192,2025-01-25 20:00:00,Da Nang,Tien mat
DH1005,KH072,Cam hanh trinh,Thiet bi so,1,1681967,1681967,2025-02-16 05:00:00,Nha Trang,The tin dung
DH1006,KH327,May chieu Mini,Thiet bi so,1,1250897,1250897,2025-05-09 18:00:00,Hanoi,Chuyen khoan
DH1007,KH080,Sac du phong Anker,Phu kien,4,2112030,8448120,2025-09-22 17:00:00,Ho Chi Minh,Tien mat
DH1008,KH206,May giat LG,Dien lanh,1,12562237,12562237,2025-10-22 20:00:00,Ho Chi Minh,Vi dien tu
DH1009,KH384,Tu dong Sanaky,Dien lanh,4,11709567,46838268,2025-05-16 19:00:00,Hai Phong,Vi dien tu
DH1010,KH157,Chuan tivi Xiaomi,Thiet bi so,2,1739369,3478738,2025-02-07 16:00:00,Hanoi,Tien mat
DH1011,KH305,Cap sac nhanh,Phu kien,2,761093,1522186,2025-09-10 17:00:00,Ho Chi Minh,The tin dung
DH1012,KH051,Chuan tivi Xiaomi,Thiet bi so,1,1396686,1396686,2025-09-12 03:00:00,Can Tho,Chuyen khoan
DH1013,KH093,Tai nghe Sony WH,Thiet bi so,3,770590,2311770,2025-04-13 11:00:00,Da Nang,Vi dien tu
DH1014,KH146,Lo vi song Sharp,Gia dung,4,4418104,17672416,2025-09-04 10:00:00,Hai Phong,Tien mat
DH1015,KH360,MacBook Air M3,Dien thoai - Laptop,1,15400003,15400003,2025-11-24 19:00:00,Da Nang,Chuyen khoan
DH1016,KH316,Tu lanh Samsung,Dien lanh,2,8966045,17932090,2025-01-20 21:00:00,Can Tho,The tin dung
DH1017,KH036,Laptop Asus ROG,Dien thoai - Laptop,1,21275221,21275221,2025-09-15 22:00:00,Nha Trang,Chuyen khoan
DH1018,KH287,Dieu hoa Daikin,Dien lanh,3,16177115,48531345,2025-12-20 10:00:00,Nha Trang,Chuyen khoan
DH1019,KH251,Cam hanh trinh,Thiet bi so,1,694891,694891,2025-05-01 01:00:00,Can Tho,Vi dien tu
DH1020,KH344,Chuan tivi Xiaomi,Thiet bi so,3,2577163,7731489,2025-11-06 01:00:00,Da Nang,Vi dien tu
DH1021,KH143,May xay sinh to,Gia dung,1,2271883,2271883,2025-05-15 12:00:00,Ho Chi Minh,Vi dien tu
DH1022,KH060,Chuan tivi Xiaomi,Thiet bi so,2,2090514,4181028,2025-02-27 04:00:00,Hanoi,Tien mat
DH1023,KH379,iPhone 15,Dien thoai - Laptop,4,28848133,115392532,2025-06-26 22:00:00,Da Nang,Chuyen khoan
DH1024,KH253,Chuan tivi Xiaomi,Thiet bi so,3,2615605,7846815,2025-11-11 16:00:00,Ho Chi Minh,The tin dung
DH1025,KH109,Cam hanh trinh,Thiet bi so,4,2807764,11231056,2025-02-19 06:00:00,Hanoi,Vi dien tu
DH1026,KH011,Cam hanh trinh,Thiet bi so,3,2370113,7110339,2025-04-24 10:00:00,Hai Phong,Vi dien tu
DH1027,KH321,Loa Bluetooth JBL,Thiet bi so,1,335216,335216,2025-07-15 06:00:00,Hai Phong,The tin dung
DH1028,KH128,Cam hanh trinh,Thiet bi so,3,2939138,8817414,2025-07-11 20:00:00,Hai Phong,Tien mat
DH1029,KH062,iPad Pro,Dien thoai - Laptop,1,34230448,34230448,2025-07-08 11:00:00,Can Tho,Chuyen khoan
DH1030,KH098,Ban phim co,Phu kien,4,763052,3052208,2025-05-26 09:00:00,Nha Trang,The tin dung
DH1031,KH098,Tai nghe Sony WH,Thiet bi so,2,2042055,4084110,2025-03-31 10:00:00,Hai Phong,Tien mat
DH1032,KH056,iPhone 15,Dien thoai - Laptop,2,31713958,63427916,2025-07-10 00:00:00,Hanoi,Vi dien tu
DH1033,KH126,Noi chien khong dau,Gia dung,3,2944662,8833986,2025-05-31 07:00:00,Hanoi,Vi dien tu
DH1034,KH139,iPad Pro,Dien thoai - Laptop,1,23240736,23240736,2025-06-11 10:00:00,Nha Trang,Tien mat
DH1035,KH240,MacBook Air M3,Dien thoai - Laptop,4,25842491,103369964,2025-01-30 13:00:00,Nha Trang,Chuyen khoan
DH1036,KH267,iPad Pro,Dien thoai - Laptop,1,29266257,29266257,2025-08-08 00:00:00,Ho Chi Minh,Vi dien tu
DH1037,KH089,Tai nghe Sony WH,Thiet bi so,4,2472345,9889380,2025-06-12 09:00:00,Can Tho,Chuyen khoan
DH1038,KH370,Cap sac nhanh,Phu kien,2,745457,1490914,2025-02-10 23:00:00,Hai Phong,Vi dien tu
DH1039,KH223,Ban phim co,Phu kien,1,860023,860023,2025-05-05 10:00:00,Nha Trang,The tin dung
DH1040,KH122,iPad Pro,Dien thoai - Laptop,2,28172740,56345480,2025-05-16 10:00:00,Hanoi,Chuyen khoan
DH1041,KH174,Ban phim co,Phu kien,4,1961700,7846800,2025-02-25 17:00:00,Hai Phong,Chuyen khoan
DH1042,KH202,iPad Pro,Dien thoai - Laptop,1,26479705,26479705,2025-04-27 13:00:00,Nha Trang,Chuyen khoan
DH1043,KH367,Chuot khong day Logitech,Phu kien,4,1920758,7683032,2025-07-19 09:00:00,Da Nang,The tin dung
DH1044,KH034,Chuot khong day Logitech,Phu kien,2,625739,1251478,2025-01-08 22:00:00,Ho Chi Minh,Tien mat
DH1045,KH090,Ban phim co,Phu kien,2,660615,1321230,2025-02-27 04:00:00,Can Tho,The tin dung
DH1046,KH382,iPhone 15,Dien thoai - Laptop,3,30430743,91292229,2025-09-25 21:00:00,Nha Trang,Vi dien tu
DH1047,KH382,Tu lanh Samsung,Dien lanh,2,12714954,25429908,2025-12-16 22:00:00,Can Tho,Vi dien tu
DH1048,KH218,Loa Bluetooth JBL,Thiet bi so,3,909872,2729616,2025-07-27 09:00:00,Hai Phong,The tin dung
DH1049,KH109,Tu dong Sanaky,Dien lanh,2,6780343,13560686,2025-12-10 07:00:00,Ho Chi Minh,Vi dien tu
DH1050,KH117,Tu dong Sanaky,Dien lanh,2,12681482,25362964,2025-10-17 17:00:00,Can Tho,Vi dien tu
DH1051,KH109,MacBook Air M3,Dien thoai - Laptop,2,23119528,46239056,2025-08-31 10:00:00,Da Nang,The tin dung
DH1052,KH340,Chuan tivi Xiaomi,Thiet bi so,3,2020555,6061665,2025-06-23 11:00:00,Hai Phong,The tin dung
DH1053,KH259,Tai nghe Sony WH,Thiet bi so,4,2584280,10337120,2025-12-23 05:00:00,Hanoi,Tien mat
DH1054,KH304,Cap sac nhanh,Phu kien,1,526103,526103,2025-12-14 01:00:00,Hanoi,Tien mat
DH1055,KH119,Noi com dien Cuckoo,Gia dung,4,3741917,14967668,2025-08-13 03:00:00,Hanoi,The tin dung
DH1056,KH222,May nuoc nong,Dien lanh,3,8482484,25447452,2025-11-05 07:00:00,Hai Phong,Chuyen khoan
DH1057,KH231,Cam hanh trinh,Thiet bi so,2,515246,1030492,2025-09-18 20:00:00,Can Tho,Chuyen khoan
DH1058,KH276,May xay sinh to,Gia dung,2,4564674,9129348,2025-06-24 10:00:00,Nha Trang,The tin dung
DH1059,KH365,May giat LG,Dien lanh,4,10650902,42603608,2025-05-17 14:00:00,Can Tho,Tien mat
DH1060,KH353,May hut bui Dyson,Gia dung,3,2843743,8531229,2025-06-20 00:00:00,Hai Phong,Chuyen khoan
DH1061,KH374,iPhone 15,Dien thoai - Laptop,3,29858809,89576427,2025-06-20 03:00:00,Nha Trang,Vi dien tu
DH1062,KH273,Laptop Asus ROG,Dien thoai - Laptop,3,26659204,79977612,2025-11-05 16:00:00,Ho Chi Minh,Tien mat
DH1063,KH051,Lo vi song Sharp,Gia dung,4,1515805,6063220,2025-04-08 23:00:00,Hai Phong,The tin dung
DH1064,KH211,Samsung Galaxy S24,Dien thoai - Laptop,3,18107615,54322845,2025-08-21 16:00:00,Ho Chi Minh,Chuyen khoan
DH1065,KH077,May giat LG,Dien lanh,1,9932486,9932486,2025-10-14 21:00:00,Hanoi,Chuyen khoan
DH1066,KH016,Cap sac nhanh,Phu kien,4,2019692,8078768,2025-04-02 15:00:00,Da Nang,Chuyen khoan
DH1067,KH162,May xay sinh to,Gia dung,1,1883384,1883384,2025-09-21 08:00:00,Da Nang,Chuyen khoan
DH1068,KH088,Noi chien khong dau,Gia dung,3,1432344,4297032,2025-11-26 20:00:00,Ho Chi Minh,Chuyen khoan
DH1069,KH332,Dieu hoa Daikin,Dien lanh,3,17252901,51758703,2025-07-16 23:00:00,Hanoi,The tin dung
DH1070,KH398,Noi com dien Cuckoo,Gia dung,1,1651391,1651391,2025-08-18 00:00:00,Ho Chi Minh,Tien mat
DH1071,KH385,Noi com dien Cuckoo,Gia dung,4,4195654,16782616,2025-06-05 01:00:00,Nha Trang,Tien mat
DH1072,KH137,May giat LG,Dien lanh,1,8998999,8998999,2025-06-04 01:00:00,Ho Chi Minh,Chuyen khoan
DH1073,KH300,The nho 128GB,Phu kien,1,812305,812305,2025-09-04 02:00:00,Da Nang,Vi dien tu
DH1074,KH080,Sac du phong Anker,Phu kien,4,1876207,7504828,2025-02-14 22:00:00,Hai Phong,Chuyen khoan
DH1075,KH056,Cap sac nhanh,Phu kien,3,2139892,6419676,2025-10-10 22:00:00,Can Tho,Tien mat
DH1076,KH014,Tu dong Sanaky,Dien lanh,3,17856635,53569905,2025-02-26 15:00:00,Can Tho,The tin dung
DH1077,KH260,Loa Bluetooth JBL,Thiet bi so,4,2339528,9358112,2025-08-24 15:00:00,Can Tho,Chuyen khoan
DH1078,KH046,Chuot khong day Logitech,Phu kien,3,2781939,8345817,2025-05-08 17:00:00,Nha Trang,Chuyen khoan
DH1079,KH163,Lo vi song Sharp,Gia dung,4,3522979,14091916,2025-08-20 05:00:00,Nha Trang,The tin dung
DH1080,KH115,Noi chien khong dau,Gia dung,4,1238542,4954168,2025-04-07 18:00:00,Can Tho,Tien mat
DH1081,KH228,Cap sac nhanh,Phu kien,3,1594196,4782588,2025-08-25 07:00:00,Hai Phong,Chuyen khoan
DH1082,KH374,May nuoc nong,Dien lanh,3,17401176,52203528,2025-08-29 23:00:00,Hai Phong,The tin dung
DH1083,KH371,Tu lanh Samsung,Dien lanh,2,11195606,22391212,2025-06-14 05:00:00,Ho Chi Minh,Tien mat
DH1084,KH202,The nho 128GB,Phu kien,3,760144,2280432,2025-02-27 12:00:00,Hai Phong,Chuyen khoan
DH1085,KH139,iPad Pro,Dien thoai - Laptop,2,27321567,54643134,2025-02-16 15:00:00,Hanoi,Vi dien tu
DH1086,KH208,Cam hanh trinh,Thiet bi so,3,2427646,7282938,2025-06-24 06:00:00,Can Tho,Tien mat
DH1087,KH003,May hut bui Dyson,Gia dung,3,3486207,10458621,2025-10-19 11:00:00,Nha Trang,The tin dung
DH1088,KH202,May hut bui Dyson,Gia dung,3,1309027,3927081,2025-03-08 22:00:00,Hai Phong,Tien mat
DH1089,KH360,May giat LG,Dien lanh,4,12568192,50272768,2025-08-23 13:00:00,Nha Trang,The tin dung
DH1090,KH198,iPad Pro,Dien thoai - Laptop,4,20245331,80981324,2025-01-31 19:00:00,Da Nang,Tien mat
DH1091,KH252,iPhone 15,Dien thoai - Laptop,4,15160916,60643664,2025-11-18 20:00:00,Da Nang,The tin dung
DH1092,KH004,May hut bui Dyson,Gia dung,3,3778552,11335656,2025-04-24 18:00:00,Da Nang,The tin dung
DH1093,KH148,Laptop Asus ROG,Dien thoai - Laptop,1,29784205,29784205,2025-05-08 19:00:00,Hai Phong,The tin dung
DH1094,KH107,Chuan tivi Xiaomi,Thiet bi so,3,2849775,8549325,2025-05-20 01:00:00,Hanoi,Chuyen khoan
DH1095,KH384,Ban phim co,Phu kien,1,2927597,2927597,2025-05-26 02:00:00,Ho Chi Minh,Tien mat
DH1096,KH099,May xay sinh to,Gia dung,1,2939328,2939328,2025-02-01 08:00:00,Hai Phong,The tin dung
DH1097,KH365,Chuot khong day Logitech,Phu kien,3,1703812,5111436,2025-02-01 16:00:00,Da Nang,Vi dien tu
DH1098,KH127,Cap sac nhanh,Phu kien,1,1576714,1576714,2025-02-22 01:00:00,Da Nang,Vi dien tu
DH1099,KH391,iPhone 15,Dien thoai - Laptop,2,28914779,57829558,2025-05-31 20:00:00,Hai Phong,Chuyen khoan
DH1100,KH136,Lo vi song Sharp,Gia dung,2,1765379,3530758,2025-01-22 00:00:00,Hai Phong,Chuyen khoan
DH1101,KH160,Noi com dien Cuckoo,Gia dung,3,3479857,10439571,2025-05-06 11:00:00,Ho Chi Minh,Chuyen khoan
DH1102,KH050,Loa Bluetooth JBL,Thiet bi so,1,1283699,1283699,2025-11-19 16:00:00,Ho Chi Minh,Tien mat
DH1103,KH396,May nuoc nong,Dien lanh,2,17886158,35772316,2025-05-28 09:00:00,Nha Trang,The tin dung
DH1104,KH304,Laptop Asus ROG,Dien thoai - Laptop,1,34040190,34040190,2025-01-06 22:00:00,Hai Phong,Vi dien tu
DH1105,KH109,Sac du phong Anker,Phu kien,2,1962929,3925858,2025-06-09 19:00:00,Hai Phong,Chuyen khoan
DH1106,KH273,MacBook Air M3,Dien thoai - Laptop,1,23038801,23038801,2025-08-20 09:00:00,Hanoi,Vi dien tu
DH1107,KH334,Tu lanh Samsung,Dien lanh,2,14802093,29604186,2025-02-14 14:00:00,Ho Chi Minh,The tin dung
DH1108,KH305,May giat LG,Dien lanh,3,7771889,23315667,2025-12-12 04:00:00,Hanoi,The tin dung
DH1109,KH145,Loa Bluetooth JBL,Thiet bi so,4,584905,2339620,2025-07-27 22:00:00,Hai Phong,Vi dien tu
DH1110,KH075,Samsung Galaxy S24,Dien thoai - Laptop,4,32611913,130447652,2025-09-26 14:00:00,Da Nang,Chuyen khoan
DH1111,KH172,Dieu hoa Daikin,Dien lanh,2,14588705,29177410,2025-03-31 02:00:00,Ho Chi Minh,Chuyen khoan
DH1112,KH117,Tu dong Sanaky,Dien lanh,3,6470924,19412772,2025-10-09 23:00:00,Hanoi,Tien mat
DH1113,KH081,Samsung Galaxy S24,Dien thoai - Laptop,4,31276424,125105696,2025-10-01 10:00:00,Da Nang,Tien mat
DH1114,KH080,Cam hanh trinh,Thiet bi so,1,359627,359627,2025-12-09 16:00:00,Hai Phong,Tien mat
DH1115,KH313,Noi chien khong dau,Gia dung,1,4243707,4243707,2025-07-02 00:00:00,Da Nang,Tien mat
DH1116,KH122,May giat LG,Dien lanh,4,17244574,68978296,2025-03-07 22:00:00,Can Tho,Tien mat
DH1117,KH367,Loa Bluetooth JBL,Thiet bi so,3,2376505,7129515,2025-08-16 20:00:00,Can Tho,Tien mat
DH1118,KH215,Cam hanh trinh,Thiet bi so,2,1047223,2094446,2025-09-26 16:00:00,Can Tho,Vi dien tu
DH1119,KH302,Noi chien khong dau,Gia dung,1,4462416,4462416,2025-11-12 02:00:00,Da Nang,Tien mat
DH1120,KH107,Cap sac nhanh,Phu kien,1,1705063,1705063,2025-02-18 13:00:00,Hai Phong,The tin dung
DH1121,KH041,Noi com dien Cuckoo,Gia dung,4,3179283,12717132,2025-06-03 18:00:00,Can Tho,Chuyen khoan
DH1122,KH214,Dieu hoa Daikin,Dien lanh,1,9259875,9259875,2025-03-05 01:00:00,Hai Phong,Tien mat
DH1123,KH036,May nuoc nong,Dien lanh,2,9655766,19311532,2025-05-20 16:00:00,Hanoi,Tien mat
DH1124,KH296,Chuot khong day Logitech,Phu kien,3,220972,662916,2025-08-23 14:00:00,Hai Phong,Vi dien tu
DH1125,KH312,The nho 128GB,Phu kien,3,1294772,3884316,2025-10-26 22:00:00,Hanoi,Tien mat
DH1126,KH383,May giat LG,Dien lanh,1,12057537,12057537,2025-08-13 07:00:00,Ho Chi Minh,Tien mat
DH1127,KH368,Cap sac nhanh,Phu kien,3,1738845,5216535,2025-04-25 07:00:00,Da Nang,Chuyen khoan
DH1128,KH340,Tu dong Sanaky,Dien lanh,3,11073512,33220536,2025-08-27 07:00:00,Ho Chi Minh,Tien mat
DH1129,KH243,Tu lanh Samsung,Dien lanh,1,6870115,6870115,2025-06-17 19:00:00,Ho Chi Minh,The tin dung
DH1130,KH089,May nuoc nong,Dien lanh,3,14912316,44736948,2025-04-23 05:00:00,Nha Trang,Tien mat
DH1131,KH117,Tu lanh Samsung,Dien lanh,4,14847155,59388620,2025-03-18 20:00:00,Hanoi,Chuyen khoan
DH1132,KH109,Dieu hoa Daikin,Dien lanh,4,13721873,54887492,2025-09-30 10:00:00,Ho Chi Minh,Vi dien tu
DH1133,KH389,Cam hanh trinh,Thiet bi so,2,823385,1646770,2025-07-20 03:00:00,Hai Phong,The tin dung
DH1134,KH350,May nuoc nong,Dien lanh,2,6560937,13121874,2025-05-01 00:00:00,Ho Chi Minh,Tien mat
DH1135,KH120,May chieu Mini,Thiet bi so,2,441620,883240,2025-11-14 21:00:00,Nha Trang,Vi dien tu
DH1136,KH046,Loa Bluetooth JBL,Thiet bi so,2,1387628,2775256,2025-01-19 17:00:00,Hai Phong,Tien mat
DH1137,KH090,Lo vi song Sharp,Gia dung,3,4968407,14905221,2025-03-18 03:00:00,Ho Chi Minh,Tien mat
DH1138,KH008,May giat LG,Dien lanh,3,11205771,33617313,2025-07-20 16:00:00,Da Nang,Chuyen khoan
DH1139,KH293,Ban phim co,Phu kien,4,2588791,10355164,2025-03-27 05:00:00,Can Tho,Vi dien tu
DH1140,KH232,Noi com dien Cuckoo,Gia dung,3,4346482,13039446,2025-08-13 00:00:00,Hai Phong,Vi dien tu
DH1141,KH283,Tu lanh Samsung,Dien lanh,2,13764484,27528968,2025-09-11 07:00:00,Da Nang,Tien mat
DH1142,KH383,Laptop Asus ROG,Dien thoai - Laptop,4,22858554,91434216,2025-09-11 05:00:00,Nha Trang,Tien mat
DH1143,KH229,Noi com dien Cuckoo,Gia dung,4,3586050,14344200,2025-11-24 17:00:00,Hai Phong,Tien mat
DH1144,KH332,Dieu hoa Daikin,Dien lanh,2,7265350,14530700,2025-12-03 23:00:00,Da Nang,Chuyen khoan
DH1145,KH141,Cap sac nhanh,Phu kien,3,2128695,6386085,2025-03-22 14:00:00,Da Nang,Vi dien tu
DH1146,KH181,Sac du phong Anker,Phu kien,4,1335217,5340868,2025-05-01 04:00:00,Hanoi,Chuyen khoan
DH1147,KH225,May giat LG,Dien lanh,3,11657593,34972779,2025-08-10 05:00:00,Nha Trang,Tien mat
DH1148,KH068,iPhone 15,Dien thoai - Laptop,4,27928542,111714168,2025-04-30 08:00:00,Can Tho,The tin dung
DH1149,KH342,Dieu hoa Daikin,Dien lanh,4,9527258,38109032,2025-11-30 18:00:00,Hai Phong,Tien mat
DH1150,KH304,Cap sac nhanh,Phu kien,1,2514271,2514271,2025-01-09 23:00:00,Hanoi,Tien mat
DH1151,KH216,Lo vi song Sharp,Gia dung,4,1140078,4560312,2025-06-24 15:00:00,Can Tho,Chuyen khoan
DH1152,KH230,Samsung Galaxy S24,Dien thoai - Laptop,3,23599220,70797660,2025-09-28 06:00:00,Can Tho,Vi dien tu
DH1153,KH028,Dieu hoa Daikin,Dien lanh,1,9458773,9458773,2025-05-15 05:00:00,Nha Trang,Chuyen khoan
DH1154,KH202,Sac du phong Anker,Phu kien,4,1652790,6611160,2025-10-22 09:00:00,Can Tho,Tien mat
DH1155,KH214,Ban phim co,Phu kien,4,1412599,5650396,2025-06-12 11:00:00,Da Nang,The tin dung
DH1156,KH129,May chieu Mini,Thiet bi so,4,283503,1134012,2025-01-27 19:00:00,Hanoi,Vi dien tu
DH1157,KH172,Samsung Galaxy S24,Dien thoai - Laptop,3,19777485,59332455,2025-09-04 14:00:00,Nha Trang,Chuyen khoan
DH1158,KH338,Laptop Asus ROG,Dien thoai - Laptop,2,19244062,38488124,2025-05-10 18:00:00,Ho Chi Minh,The tin dung
DH1159,KH269,May hut bui Dyson,Gia dung,4,4598560,18394240,2025-04-10 15:00:00,Hai Phong,The tin dung
DH1160,KH111,Chuan tivi Xiaomi,Thiet bi so,4,585557,2342228,2025-10-15 20:00:00,Can Tho,Chuyen khoan
DH1161,KH018,Chuot khong day Logitech,Phu kien,1,1010718,1010718,2025-10-10 18:00:00,Da Nang,Tien mat
DH1162,KH319,May chieu Mini,Thiet bi so,4,1083663,4334652,2025-06-27 05:00:00,Can Tho,Tien mat
DH1163,KH164,May chieu Mini,Thiet bi so,1,888571,888571,2025-01-30 17:00:00,Ho Chi Minh,The tin dung
DH1164,KH090,Loa Bluetooth JBL,Thiet bi so,2,2026987,4053974,2025-06-03 19:00:00,Nha Trang,Tien mat
DH1165,KH150,Loa Bluetooth JBL,Thiet bi so,2,319667,639334,2025-12-02 09:00:00,Hai Phong,Tien mat
DH1166,KH158,Sac du phong Anker,Phu kien,4,1507026,6028104,2025-10-27 10:00:00,Hanoi,The tin dung
DH1167,KH218,Tu dong Sanaky,Dien lanh,2,14256945,28513890,2025-05-09 03:00:00,Can Tho,Vi dien tu
DH1168,KH081,May hut bui Dyson,Gia dung,2,1604978,3209956,2025-01-07 11:00:00,Can Tho,Vi dien tu
DH1169,KH085,iPad Pro,Dien thoai - Laptop,2,27860107,55720214,2025-07-14 18:00:00,Can Tho,Chuyen khoan
DH1170,KH156,Cam hanh trinh,Thiet bi so,3,1359876,4079628,2025-12-08 18:00:00,Hai Phong,The tin dung
DH1171,KH370,May nuoc nong,Dien lanh,1,13720919,13720919,2025-11-13 16:00:00,Hai Phong,Vi dien tu
DH1172,KH072,Loa Bluetooth JBL,Thiet bi so,2,2079766,4159532,2025-07-22 11:00:00,Nha Trang,Vi dien tu
DH1173,KH224,MacBook Air M3,Dien thoai - Laptop,4,15403078,61612312,2025-04-26 00:00:00,Hai Phong,Vi dien tu
DH1174,KH041,Samsung Galaxy S24,Dien thoai - Laptop,1,23905581,23905581,2025-06-02 05:00:00,Hai Phong,Tien mat
DH1175,KH132,Samsung Galaxy S24,Dien thoai - Laptop,3,21105979,63317937,2025-04-08 04:00:00,Nha Trang,Vi dien tu
DH1176,KH117,MacBook Air M3,Dien thoai - Laptop,2,18890946,37781892,2025-07-18 08:00:00,Hanoi,Tien mat
DH1177,KH299,Dieu hoa Daikin,Dien lanh,2,9364242,18728484,2025-10-29 10:00:00,Ho Chi Minh,Tien mat
DH1178,KH114,Samsung Galaxy S24,Dien thoai - Laptop,1,26117541,26117541,2025-06-01 17:00:00,Nha Trang,Vi dien tu
DH1179,KH107,iPhone 15,Dien thoai - Laptop,2,24593597,49187194,2025-02-24 22:00:00,Hanoi,The tin dung
DH1180,KH124,Chuan tivi Xiaomi,Thiet bi so,4,1690377,6761508,2025-04-01 05:00:00,Nha Trang,The tin dung
DH1181,KH001,Tai nghe Sony WH,Thiet bi so,3,1633529,4900587,2025-04-18 01:00:00,Nha Trang,Chuyen khoan
DH1182,KH084,May nuoc nong,Dien lanh,3,9692057,29076171,2025-10-12 19:00:00,Da Nang,Vi dien tu
DH1183,KH087,Tu lanh Samsung,Dien lanh,4,15642909,62571636,2025-07-29 07:00:00,Hai Phong,The tin dung
DH1184,KH395,Chuan tivi Xiaomi,Thiet bi so,1,2005443,2005443,2025-11-12 05:00:00,Hai Phong,Vi dien tu
DH1185,KH123,Cam hanh trinh,Thiet bi so,3,2088215,6264645,2025-03-22 04:00:00,Hanoi,Chuyen khoan
DH1186,KH364,Lo vi song Sharp,Gia dung,4,3497379,13989516,2025-05-15 09:00:00,Da Nang,The tin dung
DH1187,KH138,The nho 128GB,Phu kien,4,1626965,6507860,2025-09-23 16:00:00,Da Nang,Chuyen khoan
DH1188,KH097,Ban phim co,Phu kien,2,2963294,5926588,2025-01-30 13:00:00,Nha Trang,The tin dung
DH1189,KH352,Cap sac nhanh,Phu kien,3,1164500,3493500,2025-08-10 19:00:00,Hai Phong,Vi dien tu
DH1190,KH311,May hut bui Dyson,Gia dung,4,2982183,11928732,2025-12-28 03:00:00,Da Nang,Tien mat
DH1191,KH210,May hut bui Dyson,Gia dung,1,2943256,2943256,2025-04-14 03:00:00,Can Tho,Chuyen khoan
DH1192,KH257,Noi chien khong dau,Gia dung,3,4765403,14296209,2025-06-03 06:00:00,Hanoi,The tin dung
DH1193,KH060,Ban phim co,Phu kien,2,1279288,2558576,2025-05-13 08:00:00,Da Nang,Vi dien tu
DH1194,KH374,Ban phim co,Phu kien,1,2996512,2996512,2025-11-07 10:00:00,Hai Phong,Tien mat
DH1195,KH119,MacBook Air M3,Dien thoai - Laptop,2,17589696,35179392,2025-10-19 14:00:00,Can Tho,Chuyen khoan
DH1196,KH231,May nuoc nong,Dien lanh,3,6824035,20472105,2025-03-16 04:00:00,Nha Trang,Vi dien tu
DH1197,KH087,The nho 128GB,Phu kien,4,353147,1412588,2025-02-05 14:00:00,Hai Phong,Chuyen khoan
DH1198,KH258,Tai nghe Sony WH,Thiet bi so,2,2426889,4853778,2025-02-21 11:00:00,Hai Phong,Tien mat
DH1199,KH244,May giat LG,Dien lanh,4,17462725,69850900,2025-12-11 05:00:00,Hanoi,Chuyen khoan
DH1200,KH090,May hut bui Dyson,Gia dung,1,2383867,2383867,2025-01-08 15:00:00,Ho Chi Minh,Tien mat
DH1201,KH210,Chuot khong day Logitech,Phu kien,3,441514,1324542,2025-11-14 21:00:00,Ho Chi Minh,The tin dung
DH1202,KH068,MacBook Air M3,Dien thoai - Laptop,4,27883187,111532748,2025-09-15 22:00:00,Can Tho,The tin dung
DH1203,KH067,Tu dong Sanaky,Dien lanh,3,13732606,41197818,2025-07-28 14:00:00,Da Nang,Vi dien tu
DH1204,KH371,Sac du phong Anker,Phu kien,4,2148025,8592100,2025-03-11 06:00:00,Hanoi,Tien mat
DH1205,KH297,Samsung Galaxy S24,Dien thoai - Laptop,3,20955075,62865225,2025-10-27 13:00:00,Nha Trang,The tin dung
DH1206,KH146,May xay sinh to,Gia dung,3,4948903,14846709,2025-05-28 14:00:00,Nha Trang,The tin dung
DH1207,KH357,May hut bui Dyson,Gia dung,1,3542290,3542290,2025-10-24 07:00:00,Nha Trang,Chuyen khoan
DH1208,KH237,May hut bui Dyson,Gia dung,2,4595215,9190430,2025-06-01 10:00:00,Nha Trang,Tien mat
DH1209,KH213,May nuoc nong,Dien lanh,1,6116599,6116599,2025-07-23 16:00:00,Can Tho,Tien mat
DH1210,KH084,Lo vi song Sharp,Gia dung,4,1918586,7674344,2025-01-19 16:00:00,Can Tho,Chuyen khoan
DH1211,KH028,May nuoc nong,Dien lanh,3,16745331,50235993,2025-08-19 16:00:00,Hanoi,Chuyen khoan
DH1212,KH056,May nuoc nong,Dien lanh,2,16527987,33055974,2025-05-01 07:00:00,Da Nang,Chuyen khoan
DH1213,KH191,Ban phim co,Phu kien,1,1564094,1564094,2025-10-02 15:00:00,Hanoi,Vi dien tu
DH1214,KH269,May hut bui Dyson,Gia dung,2,2430438,4860876,2025-06-15 01:00:00,Hai Phong,Vi dien tu
DH1215,KH173,MacBook Air M3,Dien thoai - Laptop,1,19951538,19951538,2025-09-17 07:00:00,Ho Chi Minh,Tien mat
DH1216,KH387,Chuot khong day Logitech,Phu kien,2,2444766,4889532,2025-07-10 03:00:00,Nha Trang,The tin dung
DH1217,KH353,Laptop Asus ROG,Dien thoai - Laptop,2,32752697,65505394,2025-10-30 04:00:00,Da Nang,The tin dung
DH1218,KH099,May nuoc nong,Dien lanh,2,17944134,35888268,2025-06-10 20:00:00,Da Nang,Tien mat
DH1219,KH390,Ban phim co,Phu kien,1,1288471,1288471,2025-05-29 23:00:00,Da Nang,Tien mat
DH1220,KH024,Cap sac nhanh,Phu kien,2,2231390,4462780,2025-10-26 19:00:00,Ho Chi Minh,Tien mat
DH1221,KH185,Chuan tivi Xiaomi,Thiet bi so,3,2638487,7915461,2025-04-20 09:00:00,Can Tho,The tin dung
DH1222,KH167,Samsung Galaxy S24,Dien thoai - Laptop,4,15774377,63097508,2025-05-02 04:00:00,Can Tho,Tien mat
DH1223,KH215,Samsung Galaxy S24,Dien thoai - Laptop,2,33934867,67869734,2025-01-05 13:00:00,Can Tho,Vi dien tu
DH1224,KH122,Tai nghe Sony WH,Thiet bi so,1,1307011,1307011,2025-05-12 04:00:00,Nha Trang,The tin dung
DH1225,KH323,Tu lanh Samsung,Dien lanh,2,6100740,12201480,2025-06-26 02:00:00,Nha Trang,Vi dien tu
DH1226,KH165,Dieu hoa Daikin,Dien lanh,3,16389214,49167642,2025-09-02 10:00:00,Ho Chi Minh,Chuyen khoan
DH1227,KH147,Tai nghe Sony WH,Thiet bi so,1,994409,994409,2025-08-22 13:00:00,Nha Trang,The tin dung
DH1228,KH293,Ban phim co,Phu kien,2,652883,1305766,2025-12-20 02:00:00,Ho Chi Minh,Chuyen khoan
DH1229,KH237,Cap sac nhanh,Phu kien,4,781700,3126800,2025-02-21 16:00:00,Hai Phong,Vi dien tu
DH1230,KH145,Ban phim co,Phu kien,4,2431261,9725044,2025-08-02 05:00:00,Hai Phong,Tien mat
DH1231,KH105,Loa Bluetooth JBL,Thiet bi so,1,575720,575720,2025-01-02 15:00:00,Nha Trang,Chuyen khoan
DH1232,KH379,Chuot khong day Logitech,Phu kien,2,2449452,4898904,2025-08-26 06:00:00,Hanoi,Vi dien tu
DH1233,KH125,May nuoc nong,Dien lanh,4,14089030,56356120,2025-09-17 05:00:00,Da Nang,Chuyen khoan
DH1234,KH080,Laptop Asus ROG,Dien thoai - Laptop,4,19812105,79248420,2025-04-11 13:00:00,Nha Trang,Tien mat
DH1235,KH317,Samsung Galaxy S24,Dien thoai - Laptop,2,26729606,53459212,2025-07-04 17:00:00,Hai Phong,Vi dien tu
DH1236,KH128,Tu lanh Samsung,Dien lanh,4,6737495,26949980,2025-12-28 06:00:00,Ho Chi Minh,Chuyen khoan
DH1237,KH017,Tai nghe Sony WH,Thiet bi so,3,2160411,6481233,2025-05-02 15:00:00,Hanoi,Chuyen khoan
DH1238,KH327,May chieu Mini,Thiet bi so,4,2460975,9843900,2025-12-05 01:00:00,Ho Chi Minh,Tien mat
DH1239,KH266,Noi com dien Cuckoo,Gia dung,4,1700641,6802564,2025-04-16 03:00:00,Da Nang,Tien mat
DH1240,KH249,Tu lanh Samsung,Dien lanh,2,10936467,21872934,2025-01-16 20:00:00,Can Tho,Chuyen khoan
DH1241,KH068,The nho 128GB,Phu kien,4,1003871,4015484,2025-01-08 04:00:00,Nha Trang,The tin dung
DH1242,KH162,Noi chien khong dau,Gia dung,2,1908217,3816434,2025-11-17 15:00:00,Nha Trang,Tien mat
DH1243,KH390,iPhone 15,Dien thoai - Laptop,4,22946388,91785552,2025-04-21 12:00:00,Da Nang,The tin dung
DH1244,KH284,Dieu hoa Daikin,Dien lanh,2,17998993,35997986,2025-03-15 12:00:00,Hai Phong,Vi dien tu
DH1245,KH225,Tu dong Sanaky,Dien lanh,4,10091184,40364736,2025-05-22 20:00:00,Da Nang,The tin dung
DH1246,KH318,Noi com dien Cuckoo,Gia dung,3,4156205,12468615,2025-07-03 23:00:00,Da Nang,Chuyen khoan
DH1247,KH069,Chuot khong day Logitech,Phu kien,3,627365,1882095,2025-11-14 18:00:00,Da Nang,The tin dung
DH1248,KH106,May hut bui Dyson,Gia dung,2,1741542,3483084,2025-08-29 23:00:00,Hanoi,Chuyen khoan
DH1249,KH391,Tu dong Sanaky,Dien lanh,2,17620375,35240750,2025-07-16 04:00:00,Hanoi,Vi dien tu
DH1250,KH204,Sac du phong Anker,Phu kien,2,1526190,3052380,2025-12-28 01:00:00,Hai Phong,Chuyen khoan
DH1251,KH088,May chieu Mini,Thiet bi so,4,2897017,11588068,2025-06-03 01:00:00,Ho Chi Minh,Tien mat
DH1252,KH188,Dieu hoa Daikin,Dien lanh,4,11768359,47073436,2025-08-12 16:00:00,Hai Phong,Vi dien tu
DH1253,KH281,iPad Pro,Dien thoai - Laptop,3,33895018,101685054,2025-08-02 17:00:00,Da Nang,Tien mat
DH1254,KH092,Tu dong Sanaky,Dien lanh,2,6690772,13381544,2025-07-04 20:00:00,Hanoi,Vi dien tu
DH1255,KH300,May hut bui Dyson,Gia dung,4,1683647,6734588,2025-05-13 16:00:00,Hai Phong,Vi dien tu
DH1256,KH072,May giat LG,Dien lanh,4,15763407,63053628,2025-08-27 10:00:00,Hanoi,Tien mat
DH1257,KH290,iPad Pro,Dien thoai - Laptop,1,24026708,24026708,2025-09-07 02:00:00,Ho Chi Minh,Tien mat
DH1258,KH111,Chuan tivi Xiaomi,Thiet bi so,2,1575924,3151848,2025-02-17 10:00:00,Hai Phong,Chuyen khoan
DH1259,KH092,The nho 128GB,Phu kien,4,1882987,7531948,2025-11-10 19:00:00,Ho Chi Minh,The tin dung
DH1260,KH151,The nho 128GB,Phu kien,2,1781681,3563362,2025-03-10 11:00:00,Ho Chi Minh,Chuyen khoan
DH1261,KH353,Sac du phong Anker,Phu kien,4,1265604,5062416,2025-01-31 13:00:00,Ho Chi Minh,Tien mat
DH1262,KH399,Sac du phong Anker,Phu kien,2,386689,773378,2025-11-12 15:00:00,Hai Phong,Tien mat
DH1263,KH057,Tu dong Sanaky,Dien lanh,4,12813137,51252548,2025-07-31 11:00:00,Hanoi,Chuyen khoan
DH1264,KH101,Sac du phong Anker,Phu kien,4,394287,1577148,2025-01-27 11:00:00,Nha Trang,The tin dung
DH1265,KH376,Loa Bluetooth JBL,Thiet bi so,2,2757781,5515562,2025-01-03 03:00:00,Hanoi,Chuyen khoan
DH1266,KH391,Tai nghe Sony WH,Thiet bi so,4,1541888,6167552,2025-05-08 09:00:00,Hanoi,Chuyen khoan
DH1267,KH218,Noi chien khong dau,Gia dung,1,3937616,3937616,2025-05-09 12:00:00,Da Nang,The tin dung
DH1268,KH043,Loa Bluetooth JBL,Thiet bi so,2,2718084,5436168,2025-07-13 20:00:00,Hanoi,Vi dien tu
DH1269,KH242,MacBook Air M3,Dien thoai - Laptop,4,18400929,73603716,2025-05-04 17:00:00,Hai Phong,Vi dien tu
DH1270,KH335,The nho 128GB,Phu kien,2,689913,1379826,2025-07-27 03:00:00,Nha Trang,Chuyen khoan
DH1271,KH197,Noi com dien Cuckoo,Gia dung,2,3726400,7452800,2025-06-03 04:00:00,Ho Chi Minh,Tien mat
DH1272,KH318,May xay sinh to,Gia dung,3,4869745,14609235,2025-06-25 05:00:00,Can Tho,Chuyen khoan
DH1273,KH395,iPhone 15,Dien thoai - Laptop,4,28778013,115112052,2025-06-16 09:00:00,Hanoi,Vi dien tu
DH1274,KH119,Chuot khong day Logitech,Phu kien,3,2094233,6282699,2025-09-29 03:00:00,Hanoi,Vi dien tu
DH1275,KH372,The nho 128GB,Phu kien,3,1304297,3912891,2025-05-10 22:00:00,Da Nang,Vi dien tu
DH1276,KH180,Tu dong Sanaky,Dien lanh,4,14741749,58966996,2025-11-28 19:00:00,Da Nang,The tin dung
DH1277,KH379,Samsung Galaxy S24,Dien thoai - Laptop,2,23100392,46200784,2025-03-11 22:00:00,Nha Trang,The tin dung
DH1278,KH194,Noi chien khong dau,Gia dung,2,1005507,2011014,2025-03-13 00:00:00,Hanoi,Tien mat
DH1279,KH337,Sac du phong Anker,Phu kien,3,2432949,7298847,2025-12-31 16:00:00,Hai Phong,The tin dung
DH1280,KH374,Laptop Asus ROG,Dien thoai - Laptop,4,32498044,129992176,2025-01-04 04:00:00,Hai Phong,The tin dung
DH1281,KH307,Cap sac nhanh,Phu kien,3,1080467,3241401,2025-11-13 19:00:00,Can Tho,The tin dung
DH1282,KH050,May hut bui Dyson,Gia dung,4,1303964,5215856,2025-09-04 06:00:00,Da Nang,Chuyen khoan
DH1283,KH245,Laptop Asus ROG,Dien thoai - Laptop,1,34501926,34501926,2025-07-31 10:00:00,Nha Trang,Tien mat
DH1284,KH325,May giat LG,Dien lanh,3,11340423,34021269,2025-02-02 02:00:00,Hanoi,Chuyen khoan
DH1285,KH378,Cam hanh trinh,Thiet bi so,3,2617893,7853679,2025-01-18 13:00:00,Nha Trang,Vi dien tu
DH1286,KH025,May nuoc nong,Dien lanh,2,13739118,27478236,2025-10-30 16:00:00,Ho Chi Minh,The tin dung
DH1287,KH044,May nuoc nong,Dien lanh,4,10839736,43358944,2025-01-01 11:00:00,Da Nang,Vi dien tu
DH1288,KH224,Lo vi song Sharp,Gia dung,4,4322325,17289300,2025-10-25 15:00:00,Nha Trang,Vi dien tu
DH1289,KH198,Noi chien khong dau,Gia dung,4,2966530,11866120,2025-07-13 21:00:00,Hai Phong,Chuyen khoan
DH1290,KH300,May xay sinh to,Gia dung,1,3673181,3673181,2025-07-29 00:00:00,Hai Phong,Tien mat
DH1291,KH339,Noi com dien Cuckoo,Gia dung,4,2355755,9423020,2025-06-17 02:00:00,Hanoi,The tin dung
DH1292,KH287,Noi chien khong dau,Gia dung,4,4667349,18669396,2025-05-09 12:00:00,Da Nang,Vi dien tu
DH1293,KH184,iPhone 15,Dien thoai - Laptop,1,28229634,28229634,2025-01-26 23:00:00,Can Tho,Tien mat
DH1294,KH350,Sac du phong Anker,Phu kien,2,505573,1011146,2025-11-18 12:00:00,Da Nang,Chuyen khoan
DH1295,KH328,May nuoc nong,Dien lanh,2,16894811,33789622,2025-04-23 05:00:00,Ho Chi Minh,Tien mat
DH1296,KH011,Chuan tivi Xiaomi,Thiet bi so,3,2294702,6884106,2025-08-26 10:00:00,Can Tho,The tin dung
DH1297,KH127,May xay sinh to,Gia dung,1,2108870,2108870,2025-11-17 17:00:00,Ho Chi Minh,Vi dien tu
DH1298,KH112,Lo vi song Sharp,Gia dung,4,3007985,12031940,2025-03-14 00:00:00,Can Tho,Tien mat
DH1299,KH011,May nuoc nong,Dien lanh,1,7711413,7711413,2025-12-29 11:00:00,Hanoi,Vi dien tu
DH1300,KH090,Tu dong Sanaky,Dien lanh,1,9360895,9360895,2025-11-16 16:00:00,Nha Trang,Tien mat
DH1301,KH218,Noi chien khong dau,Gia dung,1,2885738,2885738,2025-09-08 14:00:00,Hai Phong,Chuyen khoan
DH1302,KH158,Dieu hoa Daikin,Dien lanh,4,14651515,58606060,2025-04-16 12:00:00,Nha Trang,The tin dung
DH1303,KH066,May giat LG,Dien lanh,4,6051598,24206392,2025-02-02 01:00:00,Hanoi,The tin dung
DH1304,KH066,Tu lanh Samsung,Dien lanh,2,7129614,14259228,2025-07-10 13:00:00,Ho Chi Minh,The tin dung
DH1305,KH069,Tu dong Sanaky,Dien lanh,1,11811518,11811518,2025-01-24 18:00:00,Can Tho,Vi dien tu
DH1306,KH005,Lo vi song Sharp,Gia dung,2,3977284,7954568,2025-06-23 19:00:00,Can Tho,Chuyen khoan
DH1307,KH092,Lo vi song Sharp,Gia dung,3,2248740,6746220,2025-09-01 23:00:00,Can Tho,Tien mat
DH1308,KH067,Chuot khong day Logitech,Phu kien,3,829391,2488173,2025-05-31 02:00:00,Hanoi,Vi dien tu
DH1309,KH098,Sac du phong Anker,Phu kien,1,2701532,2701532,2025-06-12 06:00:00,Ho Chi Minh,The tin dung
DH1310,KH370,MacBook Air M3,Dien thoai - Laptop,2,25182083,50364166,2025-02-18 23:00:00,Hai Phong,Vi dien tu
DH1311,KH213,May chieu Mini,Thiet bi so,4,680342,2721368,2025-12-03 15:00:00,Da Nang,The tin dung
DH1312,KH083,Noi com dien Cuckoo,Gia dung,1,3398131,3398131,2025-01-17 22:00:00,Ho Chi Minh,The tin dung
DH1313,KH029,Loa Bluetooth JBL,Thiet bi so,4,602031,2408124,2025-08-25 12:00:00,Hanoi,Vi dien tu
DH1314,KH028,The nho 128GB,Phu kien,2,1965827,3931654,2025-11-13 14:00:00,Da Nang,The tin dung
DH1315,KH182,Cap sac nhanh,Phu kien,3,2642852,7928556,2025-10-25 02:00:00,Hai Phong,Tien mat
DH1316,KH396,Chuot khong day Logitech,Phu kien,2,1357530,2715060,2025-05-04 12:00:00,Nha Trang,Tien mat
DH1317,KH099,Tu lanh Samsung,Dien lanh,3,11190375,33571125,2025-03-13 12:00:00,Can Tho,Chuyen khoan
DH1318,KH098,Tu dong Sanaky,Dien lanh,3,14678613,44035839,2025-06-10 05:00:00,Ho Chi Minh,Chuyen khoan
DH1319,KH307,May xay sinh to,Gia dung,2,4273312,8546624,2025-03-04 01:00:00,Hanoi,Tien mat
DH1320,KH115,MacBook Air M3,Dien thoai - Laptop,1,24935263,24935263,2025-06-07 18:00:00,Hai Phong,Chuyen khoan
DH1321,KH229,Samsung Galaxy S24,Dien thoai - Laptop,2,16602421,33204842,2025-07-05 07:00:00,Ho Chi Minh,Chuyen khoan
DH1322,KH158,The nho 128GB,Phu kien,4,1266394,5065576,2025-01-23 19:00:00,Ho Chi Minh,The tin dung
DH1323,KH102,Tai nghe Sony WH,Thiet bi so,4,2143050,8572200,2025-10-26 21:00:00,Ho Chi Minh,Vi dien tu
DH1324,KH016,Cap sac nhanh,Phu kien,2,283283,566566,2025-02-04 13:00:00,Da Nang,Tien mat
DH1325,KH285,Ban phim co,Phu kien,3,1507332,4521996,2025-10-12 18:00:00,Hanoi,Tien mat
DH1326,KH197,Dieu hoa Daikin,Dien lanh,3,13417449,40252347,2025-01-25 06:00:00,Ho Chi Minh,Vi dien tu
DH1327,KH026,May giat LG,Dien lanh,2,13656069,27312138,2025-12-25 19:00:00,Hanoi,The tin dung
DH1328,KH356,MacBook Air M3,Dien thoai - Laptop,2,30341340,60682680,2025-04-04 19:00:00,Hai Phong,Tien mat
DH1329,KH031,Ban phim co,Phu kien,4,2682987,10731948,2025-05-31 00:00:00,Hanoi,The tin dung
DH1330,KH323,Sac du phong Anker,Phu kien,2,2537269,5074538,2025-03-17 20:00:00,Hai Phong,Tien mat
DH1331,KH241,Loa Bluetooth JBL,Thiet bi so,4,1511379,6045516,2025-10-14 15:00:00,Can Tho,Tien mat
DH1332,KH355,Cap sac nhanh,Phu kien,3,2828018,8484054,2025-09-29 16:00:00,Hai Phong,Vi dien tu
DH1333,KH339,iPhone 15,Dien thoai - Laptop,3,33304908,99914724,2025-04-09 13:00:00,Hai Phong,Tien mat
DH1334,KH237,Chuan tivi Xiaomi,Thiet bi so,1,1643291,1643291,2025-08-12 15:00:00,Can Tho,Vi dien tu
DH1335,KH300,May giat LG,Dien lanh,4,17674267,70697068,2025-04-21 09:00:00,Hanoi,Vi dien tu
DH1336,KH282,Laptop Asus ROG,Dien thoai - Laptop,1,17447008,17447008,2025-09-30 21:00:00,Can Tho,The tin dung
DH1337,KH249,Cam hanh trinh,Thiet bi so,3,870021,2610063,2025-12-10 14:00:00,Nha Trang,The tin dung
DH1338,KH094,May xay sinh to,Gia dung,1,2543658,2543658,2025-02-17 08:00:00,Can Tho,The tin dung
DH1339,KH283,Tu lanh Samsung,Dien lanh,4,7219852,28879408,2025-03-14 23:00:00,Can Tho,The tin dung
DH1340,KH178,Tai nghe Sony WH,Thiet bi so,4,2778129,11112516,2025-07-03 03:00:00,Hai Phong,Tien mat
DH1341,KH375,May hut bui Dyson,Gia dung,2,4366653,8733306,2025-10-25 08:00:00,Nha Trang,Chuyen khoan
DH1342,KH034,Samsung Galaxy S24,Dien thoai - Laptop,4,26417476,105669904,2025-11-16 19:00:00,Hai Phong,Tien mat
DH1343,KH322,Tu dong Sanaky,Dien lanh,3,14206815,42620445,2025-12-09 05:00:00,Ho Chi Minh,Chuyen khoan
DH1344,KH008,MacBook Air M3,Dien thoai - Laptop,2,33339175,66678350,2025-05-12 12:00:00,Ho Chi Minh,Tien mat
DH1345,KH126,Laptop Asus ROG,Dien thoai - Laptop,3,31154880,93464640,2025-08-01 15:00:00,Da Nang,Tien mat
DH1346,KH182,Tu dong Sanaky,Dien lanh,2,11110699,22221398,2025-01-19 01:00:00,Can Tho,Tien mat
DH1347,KH336,Loa Bluetooth JBL,Thiet bi so,3,781424,2344272,2025-08-14 14:00:00,Hanoi,Tien mat
DH1348,KH158,Chuot khong day Logitech,Phu kien,4,1352589,5410356,2025-03-17 17:00:00,Da Nang,The tin dung
DH1349,KH295,Laptop Asus ROG,Dien thoai - Laptop,2,25781048,51562096,2025-01-25 10:00:00,Can Tho,Chuyen khoan
DH1350,KH155,The nho 128GB,Phu kien,3,2766122,8298366,2025-02-13 16:00:00,Da Nang,Chuyen khoan
DH1351,KH223,May giat LG,Dien lanh,1,7879745,7879745,2025-12-27 09:00:00,Can Tho,Chuyen khoan
DH1352,KH154,iPad Pro,Dien thoai - Laptop,4,22743358,90973432,2025-01-03 00:00:00,Hanoi,Chuyen khoan
DH1353,KH336,Lo vi song Sharp,Gia dung,3,4984401,14953203,2025-03-20 23:00:00,Ho Chi Minh,Vi dien tu
DH1354,KH388,Noi com dien Cuckoo,Gia dung,3,1248079,3744237,2025-03-04 14:00:00,Can Tho,Chuyen khoan
DH1355,KH309,Noi com dien Cuckoo,Gia dung,4,4947023,19788092,2025-04-04 19:00:00,Hanoi,The tin dung
DH1356,KH327,Chuot khong day Logitech,Phu kien,3,815494,2446482,2025-11-19 02:00:00,Can Tho,Vi dien tu
DH1357,KH270,Cam hanh trinh,Thiet bi so,1,786320,786320,2025-11-29 09:00:00,Can Tho,Chuyen khoan
DH1358,KH351,Chuan tivi Xiaomi,Thiet bi so,3,2839028,8517084,2025-10-04 23:00:00,Hanoi,Chuyen khoan
DH1359,KH087,Loa Bluetooth JBL,Thiet bi so,3,1000105,3000315,2025-02-23 08:00:00,Da Nang,Vi dien tu
DH1360,KH206,Noi com dien Cuckoo,Gia dung,3,1217120,3651360,2025-08-21 08:00:00,Da Nang,Chuyen khoan
DH1361,KH120,Loa Bluetooth JBL,Thiet bi so,1,2437710,2437710,2025-01-27 23:00:00,Hai Phong,The tin dung
DH1362,KH240,Dieu hoa Daikin,Dien lanh,1,17270413,17270413,2025-01-17 07:00:00,Da Nang,The tin dung
DH1363,KH079,Tu lanh Samsung,Dien lanh,3,17286186,51858558,2025-01-28 01:00:00,Da Nang,Vi dien tu
DH1364,KH023,May nuoc nong,Dien lanh,3,10669985,32009955,2025-12-29 13:00:00,Da Nang,Chuyen khoan
DH1365,KH127,Ban phim co,Phu kien,2,2716314,5432628,2025-11-15 21:00:00,Ho Chi Minh,Tien mat
DH1366,KH062,Chuot khong day Logitech,Phu kien,4,217100,868400,2025-05-07 04:00:00,Nha Trang,The tin dung
DH1367,KH347,iPad Pro,Dien thoai - Laptop,1,19450301,19450301,2025-09-27 07:00:00,Nha Trang,The tin dung
DH1368,KH051,May hut bui Dyson,Gia dung,2,1439254,2878508,2025-04-02 11:00:00,Da Nang,Vi dien tu
DH1369,KH290,Noi chien khong dau,Gia dung,3,2433449,7300347,2025-12-20 20:00:00,Hai Phong,The tin dung
DH1370,KH171,iPhone 15,Dien thoai - Laptop,4,27965009,111860036,2025-06-07 18:00:00,Hanoi,Tien mat
DH1371,KH156,MacBook Air M3,Dien thoai - Laptop,1,26971113,26971113,2025-08-27 17:00:00,Can Tho,The tin dung
DH1372,KH160,Noi com dien Cuckoo,Gia dung,4,3152461,12609844,2025-11-26 11:00:00,Hanoi,Chuyen khoan
DH1373,KH195,Tu dong Sanaky,Dien lanh,2,13324659,26649318,2025-04-09 04:00:00,Ho Chi Minh,Tien mat
DH1374,KH386,Tai nghe Sony WH,Thiet bi so,1,881553,881553,2025-08-17 11:00:00,Nha Trang,The tin dung
DH1375,KH129,Lo vi song Sharp,Gia dung,4,3069733,12278932,2025-04-22 13:00:00,Nha Trang,The tin dung
DH1376,KH233,Samsung Galaxy S24,Dien thoai - Laptop,2,17563781,35127562,2025-10-16 03:00:00,Can Tho,The tin dung
DH1377,KH045,Sac du phong Anker,Phu kien,3,2437275,7311825,2025-09-15 06:00:00,Hanoi,Vi dien tu
DH1378,KH307,Noi chien khong dau,Gia dung,2,1527028,3054056,2025-08-19 12:00:00,Can Tho,Tien mat
DH1379,KH002,Tu lanh Samsung,Dien lanh,2,15485367,30970734,2025-08-03 01:00:00,Ho Chi Minh,Vi dien tu
DH1380,KH331,May giat LG,Dien lanh,4,15601813,62407252,2025-09-21 21:00:00,Can Tho,Tien mat
DH1381,KH198,Dieu hoa Daikin,Dien lanh,4,10631536,42526144,2025-05-01 21:00:00,Da Nang,The tin dung
DH1382,KH360,Ban phim co,Phu kien,3,1640394,4921182,2025-05-11 21:00:00,Nha Trang,Vi dien tu
DH1383,KH368,Tai nghe Sony WH,Thiet bi so,2,949931,1899862,2025-06-12 10:00:00,Ho Chi Minh,Chuyen khoan
DH1384,KH271,Tu lanh Samsung,Dien lanh,4,6702773,26811092,2025-05-30 01:00:00,Nha Trang,Chuyen khoan
DH1385,KH029,Chuan tivi Xiaomi,Thiet bi so,4,414584,1658336,2025-06-09 22:00:00,Can Tho,Vi dien tu
DH1386,KH236,Noi com dien Cuckoo,Gia dung,1,3228979,3228979,2025-10-15 12:00:00,Da Nang,Vi dien tu
DH1387,KH139,Chuot khong day Logitech,Phu kien,3,250397,751191,2025-05-07 23:00:00,Nha Trang,Vi dien tu
DH1388,KH394,May giat LG,Dien lanh,1,9939784,9939784,2025-04-25 22:00:00,Can Tho,Vi dien tu
DH1389,KH332,MacBook Air M3,Dien thoai - Laptop,3,16741813,50225439,2025-04-13 07:00:00,Can Tho,Chuyen khoan
DH1390,KH108,Tu lanh Samsung,Dien lanh,2,8027848,16055696,2025-04-12 08:00:00,Can Tho,The tin dung
DH1391,KH116,Chuot khong day Logitech,Phu kien,4,1799285,7197140,2025-05-05 01:00:00,Hanoi,Tien mat
DH1392,KH232,Laptop Asus ROG,Dien thoai - Laptop,4,29661558,118646232,2025-08-28 20:00:00,Hai Phong,Vi dien tu
DH1393,KH017,Noi com dien Cuckoo,Gia dung,3,4245537,12736611,2025-09-19 13:00:00,Can Tho,Tien mat
DH1394,KH315,iPhone 15,Dien thoai - Laptop,2,17410020,34820040,2025-02-19 20:00:00,Hai Phong,Chuyen khoan
DH1395,KH099,May giat LG,Dien lanh,2,13724464,27448928,2025-01-29 03:00:00,Nha Trang,Vi dien tu
DH1396,KH293,Ban phim co,Phu kien,1,2807161,2807161,2025-05-06 03:00:00,Can Tho,Chuyen khoan
DH1397,KH354,Tu dong Sanaky,Dien lanh,4,6733289,26933156,2025-11-05 10:00:00,Ho Chi Minh,The tin dung
DH1398,KH322,Tu dong Sanaky,Dien lanh,4,6020128,24080512,2025-03-18 08:00:00,Hai Phong,Chuyen khoan
DH1399,KH254,Cam hanh trinh,Thiet bi so,4,362806,1451224,2025-07-16 21:00:00,Can Tho,Vi dien tu
DH1400,KH047,Lo vi song Sharp,Gia dung,3,2205072,6615216,2025-04-01 00:00:00,Hanoi,Chuyen khoan
DH1401,KH391,Noi com dien Cuckoo,Gia dung,1,4626109,4626109,2025-01-28 03:00:00,Nha Trang,Vi dien tu
DH1402,KH066,Lo vi song Sharp,Gia dung,1,4061604,4061604,2025-07-08 07:00:00,Hai Phong,Vi dien tu
DH1403,KH130,Dieu hoa Daikin,Dien lanh,3,12737594,38212782,2025-12-05 18:00:00,Nha Trang,Chuyen khoan
DH1404,KH054,May hut bui Dyson,Gia dung,3,3425932,10277796,2025-05-15 05:00:00,Nha Trang,Chuyen khoan
DH1405,KH384,May hut bui Dyson,Gia dung,3,3939518,11818554,2025-06-04 02:00:00,Hanoi,The tin dung
DH1406,KH338,Laptop Asus ROG,Dien thoai - Laptop,3,29600424,88801272,2025-06-20 19:00:00,Ho Chi Minh,Chuyen khoan
DH1407,KH099,Tai nghe Sony WH,Thiet bi so,3,2282605,6847815,2025-09-06 00:00:00,Nha Trang,Chuyen khoan
DH1408,KH222,Chuot khong day Logitech,Phu kien,2,939612,1879224,2025-03-19 20:00:00,Hai Phong,Tien mat
DH1409,KH135,May giat LG,Dien lanh,1,14548253,14548253,2025-04-23 03:00:00,Can Tho,Tien mat
DH1410,KH195,iPhone 15,Dien thoai - Laptop,1,19967288,19967288,2025-06-08 17:00:00,Ho Chi Minh,Chuyen khoan
DH1411,KH314,Cap sac nhanh,Phu kien,3,1166436,3499308,2025-07-13 04:00:00,Hanoi,Tien mat
DH1412,KH298,Ban phim co,Phu kien,1,928536,928536,2025-01-31 05:00:00,Can Tho,The tin dung
DH1413,KH066,iPad Pro,Dien thoai - Laptop,3,34954883,104864649,2025-09-19 01:00:00,Nha Trang,Vi dien tu
DH1414,KH025,May hut bui Dyson,Gia dung,4,3213146,12852584,2025-11-03 23:00:00,Da Nang,Chuyen khoan
DH1415,KH243,Tu dong Sanaky,Dien lanh,1,10619734,10619734,2025-06-07 15:00:00,Nha Trang,Chuyen khoan
DH1416,KH209,Tu dong Sanaky,Dien lanh,1,6888978,6888978,2025-02-21 00:00:00,Nha Trang,Vi dien tu
DH1417,KH394,May chieu Mini,Thiet bi so,2,1345007,2690014,2025-06-21 21:00:00,Ho Chi Minh,Chuyen khoan
DH1418,KH341,Sac du phong Anker,Phu kien,2,896027,1792054,2025-02-04 02:00:00,Can Tho,The tin dung
DH1419,KH029,May xay sinh to,Gia dung,3,4052821,12158463,2025-02-20 22:00:00,Hai Phong,Vi dien tu
DH1420,KH002,May chieu Mini,Thiet bi so,4,1625867,6503468,2025-11-26 08:00:00,Nha Trang,Tien mat
DH1421,KH231,Chuan tivi Xiaomi,Thiet bi so,3,2330361,6991083,2025-12-27 17:00:00,Ho Chi Minh,Tien mat
DH1422,KH186,Dieu hoa Daikin,Dien lanh,2,13961826,27923652,2025-07-22 14:00:00,Ho Chi Minh,Tien mat
DH1423,KH101,May giat LG,Dien lanh,4,16058329,64233316,2025-09-19 03:00:00,Hai Phong,The tin dung
DH1424,KH154,Chuan tivi Xiaomi,Thiet bi so,1,1430268,1430268,2025-09-16 09:00:00,Hanoi,Vi dien tu
DH1425,KH237,Dieu hoa Daikin,Dien lanh,3,8114859,24344577,2025-10-05 20:00:00,Nha Trang,Vi dien tu
DH1426,KH066,Tu lanh Samsung,Dien lanh,2,12663303,25326606,2025-02-21 07:00:00,Da Nang,The tin dung
DH1427,KH311,iPad Pro,Dien thoai - Laptop,4,15363926,61455704,2025-01-14 19:00:00,Hanoi,Tien mat
DH1428,KH267,iPhone 15,Dien thoai - Laptop,1,34548766,34548766,2025-05-20 18:00:00,Can Tho,Vi dien tu
DH1429,KH349,Tai nghe Sony WH,Thiet bi so,4,2083544,8334176,2025-10-08 16:00:00,Hanoi,Tien mat
DH1430,KH225,May chieu Mini,Thiet bi so,3,2729328,8187984,2025-08-10 16:00:00,Hai Phong,Vi dien tu
DH1431,KH009,Tai nghe Sony WH,Thiet bi so,3,2225468,6676404,2025-06-27 15:00:00,Hai Phong,The tin dung
DH1432,KH140,Samsung Galaxy S24,Dien thoai - Laptop,3,32439704,97319112,2025-01-21 08:00:00,Hanoi,Chuyen khoan
DH1433,KH262,May giat LG,Dien lanh,3,6728591,20185773,2025-12-19 05:00:00,Hai Phong,Tien mat
DH1434,KH088,May hut bui Dyson,Gia dung,3,3238132,9714396,2025-09-30 16:00:00,Ho Chi Minh,Vi dien tu
DH1435,KH335,Samsung Galaxy S24,Dien thoai - Laptop,1,19312434,19312434,2025-01-27 18:00:00,Nha Trang,The tin dung
DH1436,KH360,Loa Bluetooth JBL,Thiet bi so,4,210586,842344,2025-09-13 14:00:00,Hanoi,The tin dung
DH1437,KH038,Cam hanh trinh,Thiet bi so,2,1345210,2690420,2025-11-07 19:00:00,Hai Phong,The tin dung
DH1438,KH122,Tu dong Sanaky,Dien lanh,3,6562627,19687881,2025-04-12 21:00:00,Hai Phong,Chuyen khoan
DH1439,KH146,iPad Pro,Dien thoai - Laptop,1,21410447,21410447,2025-05-22 00:00:00,Ho Chi Minh,Chuyen khoan
DH1440,KH392,May hut bui Dyson,Gia dung,4,2899679,11598716,2025-02-22 20:00:00,Ho Chi Minh,Vi dien tu
DH1441,KH183,Noi com dien Cuckoo,Gia dung,4,1247390,4989560,2025-06-23 12:00:00,Hanoi,Tien mat
DH1442,KH351,Tu dong Sanaky,Dien lanh,3,17162643,51487929,2025-09-30 00:00:00,Nha Trang,The tin dung
DH1443,KH386,Cap sac nhanh,Phu kien,3,1880017,5640051,2025-08-15 23:00:00,Da Nang,The tin dung
DH1444,KH003,The nho 128GB,Phu kien,1,613726,613726,2025-12-13 05:00:00,Hanoi,Vi dien tu
DH1445,KH378,The nho 128GB,Phu kien,1,2898675,2898675,2025-06-07 20:00:00,Hai Phong,The tin dung
DH1446,KH340,Ban phim co,Phu kien,4,1490492,5961968,2025-01-20 05:00:00,Da Nang,Vi dien tu
DH1447,KH239,May xay sinh to,Gia dung,1,3588407,3588407,2025-04-10 13:00:00,Can Tho,Vi dien tu
DH1448,KH054,Dieu hoa Daikin,Dien lanh,3,9183152,27549456,2025-09-14 00:00:00,Ho Chi Minh,Tien mat
DH1449,KH367,Ban phim co,Phu kien,4,2007098,8028392,2025-05-05 20:00:00,Nha Trang,Vi dien tu
DH1450,KH032,Tai nghe Sony WH,Thiet bi so,3,1327395,3982185,2025-09-15 11:00:00,Hanoi,Vi dien tu
DH1451,KH138,Noi chien khong dau,Gia dung,2,2427159,4854318,2025-06-03 15:00:00,Hai Phong,Chuyen khoan
DH1452,KH304,Sac du phong Anker,Phu kien,1,2877280,2877280,2025-10-28 20:00:00,Ho Chi Minh,The tin dung
DH1453,KH215,May xay sinh to,Gia dung,2,2417732,4835464,2025-08-21 03:00:00,Hai Phong,The tin dung
DH1454,KH383,May giat LG,Dien lanh,4,12939303,51757212,2025-06-26 12:00:00,Can Tho,Tien mat
DH1455,KH216,May nuoc nong,Dien lanh,3,10689947,32069841,2025-06-22 02:00:00,Hanoi,Tien mat
DH1456,KH148,May chieu Mini,Thiet bi so,4,920500,3682000,2025-03-04 05:00:00,Ho Chi Minh,Chuyen khoan
DH1457,KH197,iPad Pro,Dien thoai - Laptop,3,15748169,47244507,2025-07-03 11:00:00,Hai Phong,Tien mat
DH1458,KH255,Ban phim co,Phu kien,2,550479,1100958,2025-01-13 15:00:00,Nha Trang,Tien mat
DH1459,KH388,Tu lanh Samsung,Dien lanh,1,15912047,15912047,2025-02-04 00:00:00,Hai Phong,Chuyen khoan
DH1460,KH121,MacBook Air M3,Dien thoai - Laptop,3,26529870,79589610,2025-03-27 06:00:00,Hai Phong,Chuyen khoan
DH1461,KH106,MacBook Air M3,Dien thoai - Laptop,4,25964982,103859928,2025-03-01 11:00:00,Nha Trang,The tin dung
DH1462,KH227,MacBook Air M3,Dien thoai - Laptop,3,19960296,59880888,2025-12-23 01:00:00,Nha Trang,The tin dung
DH1463,KH306,iPhone 15,Dien thoai - Laptop,4,18717477,74869908,2025-01-03 07:00:00,Hanoi,The tin dung
DH1464,KH020,Noi chien khong dau,Gia dung,3,1758791,5276373,2025-01-23 03:00:00,Da Nang,The tin dung
DH1465,KH397,Tu dong Sanaky,Dien lanh,2,14009574,28019148,2025-12-02 00:00:00,Ho Chi Minh,The tin dung
DH1466,KH211,Tu lanh Samsung,Dien lanh,1,9855174,9855174,2025-10-24 07:00:00,Hai Phong,Vi dien tu
DH1467,KH070,Chuan tivi Xiaomi,Thiet bi so,3,2050232,6150696,2025-11-16 21:00:00,Da Nang,Tien mat
DH1468,KH277,Cam hanh trinh,Thiet bi so,1,451766,451766,2025-09-29 13:00:00,Ho Chi Minh,Tien mat
DH1469,KH350,May xay sinh to,Gia dung,2,3072035,6144070,2025-11-04 02:00:00,Nha Trang,Tien mat
DH1470,KH247,Samsung Galaxy S24,Dien thoai - Laptop,1,26127929,26127929,2025-03-14 06:00:00,Hanoi,The tin dung
DH1471,KH221,iPad Pro,Dien thoai - Laptop,3,24351227,73053681,2025-06-19 21:00:00,Nha Trang,Vi dien tu
DH1472,KH130,Chuot khong day Logitech,Phu kien,3,1552714,4658142,2025-12-19 20:00:00,Can Tho,Tien mat
DH1473,KH275,May nuoc nong,Dien lanh,2,16894973,33789946,2025-01-02 14:00:00,Can Tho,The tin dung
DH1474,KH292,Tu dong Sanaky,Dien lanh,1,16633104,16633104,2025-09-04 00:00:00,Nha Trang,Tien mat
DH1475,KH148,Sac du phong Anker,Phu kien,3,1557379,4672137,2025-05-27 07:00:00,Can Tho,Vi dien tu
DH1476,KH383,Noi com dien Cuckoo,Gia dung,3,3231002,9693006,2025-03-19 08:00:00,Ho Chi Minh,Tien mat
DH1477,KH183,Noi com dien Cuckoo,Gia dung,2,2656598,5313196,2025-03-24 16:00:00,Da Nang,Vi dien tu
DH1478,KH372,Noi chien khong dau,Gia dung,2,3391933,6783866,2025-06-27 01:00:00,Hanoi,Chuyen khoan
DH1479,KH174,Noi com dien Cuckoo,Gia dung,3,4801740,14405220,2025-01-13 01:00:00,Nha Trang,The tin dung
DH1480,KH134,Tu lanh Samsung,Dien lanh,3,10122642,30367926,2025-05-10 08:00:00,Nha Trang,Chuyen khoan
DH1481,KH100,Laptop Asus ROG,Dien thoai - Laptop,2,16231344,32462688,2025-04-05 12:00:00,Hai Phong,Vi dien tu
DH1482,KH383,Ban phim co,Phu kien,4,1047754,4191016,2025-02-11 11:00:00,Nha Trang,The tin dung
DH1483,KH342,Dieu hoa Daikin,Dien lanh,2,9017902,18035804,2025-03-12 12:00:00,Nha Trang,The tin dung
DH1484,KH400,Chuan tivi Xiaomi,Thiet bi so,2,2610258,5220516,2025-11-22 11:00:00,Hanoi,Chuyen khoan
DH1485,KH037,iPad Pro,Dien thoai - Laptop,3,18219591,54658773,2025-03-11 19:00:00,Hanoi,Tien mat
DH1486,KH123,iPad Pro,Dien thoai - Laptop,1,33664220,33664220,2025-09-18 03:00:00,Ho Chi Minh,Chuyen khoan
DH1487,KH054,Laptop Asus ROG,Dien thoai - Laptop,4,23696798,94787192,2025-04-21 04:00:00,Da Nang,Tien mat
DH1488,KH322,Chuan tivi Xiaomi,Thiet bi so,3,1149682,3449046,2025-03-19 19:00:00,Nha Trang,The tin dung
DH1489,KH034,Laptop Asus ROG,Dien thoai - Laptop,1,23260235,23260235,2025-10-15 04:00:00,Can Tho,Vi dien tu
DH1490,KH150,Lo vi song Sharp,Gia dung,2,1753098,3506196,2025-03-25 10:00:00,Da Nang,The tin dung
DH1491,KH175,iPhone 15,Dien thoai - Laptop,2,18076421,36152842,2025-07-15 02:00:00,Da Nang,Vi dien tu
DH1492,KH251,Samsung Galaxy S24,Dien thoai - Laptop,4,27723067,110892268,2025-07-26 04:00:00,Hai Phong,Vi dien tu
DH1493,KH388,May xay sinh to,Gia dung,4,1263400,5053600,2025-06-03 09:00:00,Can Tho,Chuyen khoan
DH1494,KH307,Cap sac nhanh,Phu kien,3,2551216,7653648,2025-09-20 17:00:00,Ho Chi Minh,Tien mat
DH1495,KH395,iPhone 15,Dien thoai - Laptop,1,30933534,30933534,2025-09-16 17:00:00,Nha Trang,The tin dung
DH1496,KH042,Chuan tivi Xiaomi,Thiet bi so,3,914850,2744550,2025-09-17 19:00:00,Da Nang,Vi dien tu
DH1497,KH271,MacBook Air M3,Dien thoai - Laptop,1,31491751,31491751,2025-11-01 21:00:00,Ho Chi Minh,Tien mat
DH1498,KH040,The nho 128GB,Phu kien,1,1907212,1907212,2025-05-28 05:00:00,Hanoi,Chuyen khoan
DH1499,KH227,Loa Bluetooth JBL,Thiet bi so,4,882747,3530988,2025-10-04 11:00:00,Can Tho,Tien mat
DH1500,KH395,Tu dong Sanaky,Dien lanh,1,9344349,9344349,2025-09-06 19:00:00,Hai Phong,Vi dien tu
DH1501,KH127,iPhone 15,Dien thoai - Laptop,3,26695683,80087049,2025-02-25 21:00:00,Nha Trang,Chuyen khoan
DH1502,KH382,Cap sac nhanh,Phu kien,3,1753733,5261199,2025-10-04 00:00:00,Ho Chi Minh,Vi dien tu
DH1503,KH292,iPhone 15,Dien thoai - Laptop,3,34195416,102586248,2025-12-05 15:00:00,Ho Chi Minh,The tin dung
DH1504,KH111,Chuot khong day Logitech,Phu kien,1,1057627,1057627,2025-12-22 14:00:00,Da Nang,The tin dung
DH1505,KH009,Noi chien khong dau,Gia dung,1,2373283,2373283,2025-01-30 15:00:00,Can Tho,The tin dung
DH1506,KH208,Tu dong Sanaky,Dien lanh,3,16469855,49409565,2025-03-07 12:00:00,Can Tho,Vi dien tu
DH1507,KH270,Dieu hoa Daikin,Dien lanh,1,13080494,13080494,2025-05-01 07:00:00,Can Tho,Chuyen khoan
DH1508,KH316,Tu dong Sanaky,Dien lanh,3,7815116,23445348,2025-05-19 10:00:00,Hai Phong,The tin dung
DH1509,KH178,Tu dong Sanaky,Dien lanh,4,14587955,58351820,2025-12-03 18:00:00,Hanoi,Chuyen khoan
DH1510,KH335,Lo vi song Sharp,Gia dung,1,3592283,3592283,2025-12-01 04:00:00,Nha Trang,Vi dien tu
DH1511,KH163,May nuoc nong,Dien lanh,2,12320981,24641962,2025-06-05 17:00:00,Hai Phong,Chuyen khoan
DH1512,KH049,Noi chien khong dau,Gia dung,2,3611372,7222744,2025-07-26 12:00:00,Nha Trang,The tin dung
DH1513,KH108,The nho 128GB,Phu kien,4,2993681,11974724,2025-11-07 04:00:00,Nha Trang,Chuyen khoan
DH1514,KH111,Cap sac nhanh,Phu kien,4,2112537,8450148,2025-09-12 03:00:00,Nha Trang,Chuyen khoan
DH1515,KH306,Laptop Asus ROG,Dien thoai - Laptop,4,29787984,119151936,2025-12-31 14:00:00,Nha Trang,Chuyen khoan
DH1516,KH220,iPhone 15,Dien thoai - Laptop,4,32701199,130804796,2025-10-31 14:00:00,Da Nang,Vi dien tu
DH1517,KH390,Dieu hoa Daikin,Dien lanh,1,16115382,16115382,2025-10-21 00:00:00,Nha Trang,Vi dien tu
DH1518,KH192,iPad Pro,Dien thoai - Laptop,3,19254871,57764613,2025-10-27 19:00:00,Nha Trang,Tien mat
DH1519,KH367,Tai nghe Sony WH,Thiet bi so,3,866932,2600796,2025-11-07 06:00:00,Ho Chi Minh,Vi dien tu
DH1520,KH046,May giat LG,Dien lanh,4,10977251,43909004,2025-03-27 07:00:00,Hanoi,Vi dien tu
DH1521,KH340,Laptop Asus ROG,Dien thoai - Laptop,3,34630047,103890141,2025-03-06 01:00:00,Hanoi,The tin dung
DH1522,KH269,May chieu Mini,Thiet bi so,4,2518776,10075104,2025-02-20 14:00:00,Hai Phong,Tien mat
DH1523,KH309,iPad Pro,Dien thoai - Laptop,3,28186144,84558432,2025-09-23 02:00:00,Da Nang,Tien mat
DH1524,KH043,Noi com dien Cuckoo,Gia dung,4,2650852,10603408,2025-11-25 03:00:00,Ho Chi Minh,Tien mat
DH1525,KH152,Chuot khong day Logitech,Phu kien,2,472356,944712,2025-04-30 18:00:00,Nha Trang,The tin dung
DH1526,KH392,May hut bui Dyson,Gia dung,3,4653747,13961241,2025-02-08 10:00:00,Nha Trang,Chuyen khoan
DH1527,KH036,Chuot khong day Logitech,Phu kien,2,278134,556268,2025-05-01 09:00:00,Nha Trang,Chuyen khoan
DH1528,KH393,May hut bui Dyson,Gia dung,2,2806350,5612700,2025-07-17 13:00:00,Hanoi,The tin dung
DH1529,KH134,Samsung Galaxy S24,Dien thoai - Laptop,3,19090336,57271008,2025-01-10 12:00:00,Nha Trang,The tin dung
DH1530,KH063,Chuan tivi Xiaomi,Thiet bi so,2,1103388,2206776,2025-09-17 01:00:00,Da Nang,Chuyen khoan
DH1531,KH184,May nuoc nong,Dien lanh,1,15115138,15115138,2025-04-30 19:00:00,Hai Phong,Chuyen khoan
DH1532,KH120,Sac du phong Anker,Phu kien,4,1314180,5256720,2025-11-06 08:00:00,Hanoi,Tien mat
DH1533,KH300,Chuot khong day Logitech,Phu kien,4,1448990,5795960,2025-08-10 18:00:00,Nha Trang,Tien mat
DH1534,KH334,Cam hanh trinh,Thiet bi so,1,2069308,2069308,2025-07-18 20:00:00,Hanoi,Vi dien tu
DH1535,KH238,Tai nghe Sony WH,Thiet bi so,3,2632349,7897047,2025-03-13 11:00:00,Nha Trang,Tien mat
DH1536,KH300,Loa Bluetooth JBL,Thiet bi so,2,1521119,3042238,2025-11-02 23:00:00,Hai Phong,The tin dung
DH1537,KH288,Lo vi song Sharp,Gia dung,2,2134494,4268988,2025-03-31 13:00:00,Ho Chi Minh,The tin dung
DH1538,KH274,Cap sac nhanh,Phu kien,2,2589191,5178382,2025-08-21 03:00:00,Nha Trang,Chuyen khoan
DH1539,KH361,Samsung Galaxy S24,Dien thoai - Laptop,1,34177140,34177140,2025-08-17 07:00:00,Hanoi,The tin dung
DH1540,KH385,Dieu hoa Daikin,Dien lanh,2,17798797,35597594,2025-09-02 11:00:00,Hanoi,Tien mat
DH1541,KH252,Sac du phong Anker,Phu kien,1,2002063,2002063,2025-11-19 12:00:00,Hanoi,Tien mat
DH1542,KH086,Noi chien khong dau,Gia dung,3,4172176,12516528,2025-07-22 21:00:00,Nha Trang,Tien mat
DH1543,KH326,Chuan tivi Xiaomi,Thiet bi so,1,1096391,1096391,2025-07-27 05:00:00,Hanoi,Vi dien tu
DH1544,KH354,Cap sac nhanh,Phu kien,1,287092,287092,2025-11-07 23:00:00,Da Nang,Vi dien tu
DH1545,KH110,iPad Pro,Dien thoai - Laptop,2,17909094,35818188,2025-07-30 23:00:00,Can Tho,Chuyen khoan
DH1546,KH290,Noi chien khong dau,Gia dung,3,2715823,8147469,2025-09-13 07:00:00,Ho Chi Minh,Chuyen khoan
DH1547,KH375,Cam hanh trinh,Thiet bi so,1,1403713,1403713,2025-10-15 19:00:00,Da Nang,Tien mat
DH1548,KH009,May chieu Mini,Thiet bi so,2,2635653,5271306,2025-08-12 15:00:00,Hanoi,Chuyen khoan
DH1549,KH393,May hut bui Dyson,Gia dung,3,4375143,13125429,2025-05-08 00:00:00,Ho Chi Minh,Chuyen khoan
DH1550,KH212,Tu lanh Samsung,Dien lanh,4,10522684,42090736,2025-07-29 08:00:00,Hanoi,The tin dung
DH1551,KH331,Noi com dien Cuckoo,Gia dung,4,2866172,11464688,2025-10-31 19:00:00,Hanoi,Vi dien tu
DH1552,KH112,Lo vi song Sharp,Gia dung,4,4106921,16427684,2025-06-18 02:00:00,Can Tho,Chuyen khoan
DH1553,KH276,Ban phim co,Phu kien,1,2845631,2845631,2025-05-01 01:00:00,Ho Chi Minh,Chuyen khoan
DH1554,KH256,Chuot khong day Logitech,Phu kien,4,1023956,4095824,2025-07-14 18:00:00,Hai Phong,Vi dien tu
DH1555,KH092,Chuan tivi Xiaomi,Thiet bi so,1,780950,780950,2025-11-14 15:00:00,Nha Trang,Tien mat
DH1556,KH161,MacBook Air M3,Dien thoai - Laptop,1,17023063,17023063,2025-07-14 21:00:00,Hanoi,Tien mat
DH1557,KH198,May giat LG,Dien lanh,4,12477446,49909784,2025-12-27 19:00:00,Nha Trang,Chuyen khoan
DH1558,KH154,Sac du phong Anker,Phu kien,1,2069651,2069651,2025-02-01 18:00:00,Nha Trang,Tien mat
DH1559,KH255,Tai nghe Sony WH,Thiet bi so,3,1184873,3554619,2025-03-13 12:00:00,Da Nang,Chuyen khoan
DH1560,KH216,May hut bui Dyson,Gia dung,3,1853014,5559042,2025-08-21 16:00:00,Nha Trang,Vi dien tu
DH1561,KH065,May chieu Mini,Thiet bi so,1,266365,266365,2025-09-12 09:00:00,Hanoi,Chuyen khoan
DH1562,KH240,Noi com dien Cuckoo,Gia dung,3,4619245,13857735,2025-12-29 00:00:00,Da Nang,Vi dien tu
DH1563,KH136,Dieu hoa Daikin,Dien lanh,3,9666601,28999803,2025-08-22 23:00:00,Da Nang,Chuyen khoan
DH1564,KH317,Cam hanh trinh,Thiet bi so,3,2801322,8403966,2025-10-29 23:00:00,Da Nang,Chuyen khoan
DH1565,KH134,May xay sinh to,Gia dung,4,3361618,13446472,2025-06-30 08:00:00,Ho Chi Minh,Chuyen khoan
DH1566,KH332,May hut bui Dyson,Gia dung,2,2800768,5601536,2025-05-06 10:00:00,Ho Chi Minh,Vi dien tu
DH1567,KH267,Tu lanh Samsung,Dien lanh,1,10872299,10872299,2025-03-14 01:00:00,Hai Phong,The tin dung
DH1568,KH378,Dieu hoa Daikin,Dien lanh,2,16221186,32442372,2025-08-09 01:00:00,Da Nang,Vi dien tu
DH1569,KH171,Ban phim co,Phu kien,3,791389,2374167,2025-10-02 23:00:00,Da Nang,Tien mat
DH1570,KH024,Cap sac nhanh,Phu kien,1,1340966,1340966,2025-08-16 01:00:00,Hai Phong,Vi dien tu
DH1571,KH336,Tu dong Sanaky,Dien lanh,1,8497042,8497042,2025-08-15 08:00:00,Hai Phong,Tien mat
DH1572,KH343,MacBook Air M3,Dien thoai - Laptop,1,32121094,32121094,2025-12-31 19:00:00,Ho Chi Minh,Tien mat
DH1573,KH219,Chuot khong day Logitech,Phu kien,3,2674638,8023914,2025-10-25 15:00:00,Can Tho,Tien mat
DH1574,KH122,Ban phim co,Phu kien,1,782068,782068,2025-07-31 19:00:00,Nha Trang,Chuyen khoan
DH1575,KH169,Sac du phong Anker,Phu kien,2,1190631,2381262,2025-05-18 20:00:00,Hai Phong,Tien mat
DH1576,KH106,MacBook Air M3,Dien thoai - Laptop,3,25433431,76300293,2025-03-23 21:00:00,Ho Chi Minh,The tin dung
DH1577,KH106,Samsung Galaxy S24,Dien thoai - Laptop,2,17138894,34277788,2025-11-16 21:00:00,Hai Phong,Chuyen khoan
DH1578,KH258,May xay sinh to,Gia dung,3,4976941,14930823,2025-05-27 12:00:00,Ho Chi Minh,Chuyen khoan
DH1579,KH167,Tu dong Sanaky,Dien lanh,4,14277406,57109624,2025-08-16 22:00:00,Can Tho,Tien mat
DH1580,KH146,Samsung Galaxy S24,Dien thoai - Laptop,4,20128229,80512916,2025-05-10 15:00:00,Nha Trang,Tien mat
DH1581,KH057,Lo vi song Sharp,Gia dung,3,3496941,10490823,2025-12-07 18:00:00,Nha Trang,Vi dien tu
DH1582,KH266,Chuot khong day Logitech,Phu kien,4,726617,2906468,2025-10-30 22:00:00,Hai Phong,Vi dien tu
DH1583,KH102,May xay sinh to,Gia dung,2,2501635,5003270,2025-03-23 09:00:00,Ho Chi Minh,Vi dien tu
DH1584,KH140,Loa Bluetooth JBL,Thiet bi so,3,1248136,3744408,2025-05-27 04:00:00,Hai Phong,The tin dung
DH1585,KH141,Sac du phong Anker,Phu kien,3,517980,1553940,2025-04-09 21:00:00,Da Nang,The tin dung
DH1586,KH126,May xay sinh to,Gia dung,3,3558903,10676709,2025-07-29 02:00:00,Hai Phong,Vi dien tu
DH1587,KH347,Cam hanh trinh,Thiet bi so,2,2951232,5902464,2025-03-18 10:00:00,Da Nang,Vi dien tu
DH1588,KH293,Noi chien khong dau,Gia dung,2,1334653,2669306,2025-02-19 00:00:00,Hanoi,Vi dien tu
DH1589,KH314,May nuoc nong,Dien lanh,2,11888442,23776884,2025-02-13 00:00:00,Can Tho,Chuyen khoan
DH1590,KH154,May xay sinh to,Gia dung,1,4895232,4895232,2025-02-04 02:00:00,Ho Chi Minh,The tin dung
DH1591,KH062,May chieu Mini,Thiet bi so,1,2044176,2044176,2025-05-30 23:00:00,Can Tho,Tien mat
DH1592,KH331,Ban phim co,Phu kien,2,1435702,2871404,2025-11-13 15:00:00,Hanoi,Chuyen khoan
DH1593,KH292,MacBook Air M3,Dien thoai - Laptop,3,27386089,82158267,2025-09-04 02:00:00,Can Tho,Vi dien tu
DH1594,KH114,Lo vi song Sharp,Gia dung,4,4344203,17376812,2025-04-28 09:00:00,Ho Chi Minh,The tin dung
DH1595,KH031,Tu dong Sanaky,Dien lanh,3,12713152,38139456,2025-09-16 15:00:00,Can Tho,Vi dien tu
DH1596,KH176,Loa Bluetooth JBL,Thiet bi so,1,1619632,1619632,2025-05-19 21:00:00,Can Tho,Vi dien tu
DH1597,KH066,Cam hanh trinh,Thiet bi so,1,847153,847153,2025-01-16 21:00:00,Ho Chi Minh,The tin dung
DH1598,KH104,Cam hanh trinh,Thiet bi so,1,746338,746338,2025-04-14 13:00:00,Hanoi,Chuyen khoan
DH1599,KH213,Sac du phong Anker,Phu kien,2,2571480,5142960,2025-05-12 12:00:00,Can Tho,Chuyen khoan
DH1600,KH361,Ban phim co,Phu kien,4,1753297,7013188,2025-06-10 05:00:00,Hanoi,Vi dien tu
DH1601,KH061,Noi chien khong dau,Gia dung,4,1541618,6166472,2025-08-18 09:00:00,Hanoi,The tin dung
DH1602,KH028,iPhone 15,Dien thoai - Laptop,1,26808621,26808621,2025-01-28 10:00:00,Can Tho,Vi dien tu
DH1603,KH040,Sac du phong Anker,Phu kien,4,243102,972408,2025-01-20 05:00:00,Hai Phong,Chuyen khoan
DH1604,KH306,Cap sac nhanh,Phu kien,1,1364250,1364250,2025-03-30 04:00:00,Ho Chi Minh,Tien mat
DH1605,KH188,iPad Pro,Dien thoai - Laptop,4,32002780,128011120,2025-09-23 15:00:00,Ho Chi Minh,Chuyen khoan
DH1606,KH366,Laptop Asus ROG,Dien thoai - Laptop,2,32094502,64189004,2025-12-15 18:00:00,Can Tho,The tin dung
DH1607,KH105,Lo vi song Sharp,Gia dung,1,3193247,3193247,2025-05-30 23:00:00,Hai Phong,Vi dien tu
DH1608,KH052,MacBook Air M3,Dien thoai - Laptop,2,26211941,52423882,2025-05-12 22:00:00,Can Tho,The tin dung
DH1609,KH241,Tu lanh Samsung,Dien lanh,2,14906016,29812032,2025-07-30 11:00:00,Hai Phong,The tin dung
DH1610,KH212,Tu lanh Samsung,Dien lanh,1,13507541,13507541,2025-11-11 17:00:00,Hanoi,Chuyen khoan
DH1611,KH367,Laptop Asus ROG,Dien thoai - Laptop,4,24910139,99640556,2025-11-13 20:00:00,Hai Phong,Tien mat
DH1612,KH101,iPhone 15,Dien thoai - Laptop,1,19570118,19570118,2025-08-29 21:00:00,Da Nang,Chuyen khoan
DH1613,KH378,Sac du phong Anker,Phu kien,4,271663,1086652,2025-10-05 05:00:00,Hai Phong,The tin dung
DH1614,KH379,iPad Pro,Dien thoai - Laptop,3,30295883,90887649,2025-03-25 11:00:00,Ho Chi Minh,Vi dien tu
DH1615,KH269,iPhone 15,Dien thoai - Laptop,2,16086903,32173806,2025-01-22 17:00:00,Da Nang,Chuyen khoan
DH1616,KH092,MacBook Air M3,Dien thoai - Laptop,1,19471509,19471509,2025-11-20 11:00:00,Ho Chi Minh,Tien mat
DH1617,KH251,iPhone 15,Dien thoai - Laptop,3,18941972,56825916,2025-08-13 11:00:00,Hai Phong,The tin dung
DH1618,KH261,May xay sinh to,Gia dung,1,1021394,1021394,2025-08-20 19:00:00,Hai Phong,The tin dung
DH1619,KH199,May chieu Mini,Thiet bi so,4,1153232,4612928,2025-05-04 09:00:00,Nha Trang,The tin dung
DH1620,KH163,Chuot khong day Logitech,Phu kien,3,2168103,6504309,2025-04-28 23:00:00,Da Nang,Vi dien tu
DH1621,KH346,Chuan tivi Xiaomi,Thiet bi so,3,2340678,7022034,2025-10-07 19:00:00,Hai Phong,Vi dien tu
DH1622,KH309,Noi chien khong dau,Gia dung,1,2132442,2132442,2025-12-07 21:00:00,Da Nang,Tien mat
DH1623,KH332,MacBook Air M3,Dien thoai - Laptop,4,18818760,75275040,2025-06-27 06:00:00,Da Nang,The tin dung
DH1624,KH280,Samsung Galaxy S24,Dien thoai - Laptop,2,28965877,57931754,2025-08-29 20:00:00,Ho Chi Minh,Vi dien tu
DH1625,KH225,Tai nghe Sony WH,Thiet bi so,2,2216137,4432274,2025-05-03 20:00:00,Can Tho,Vi dien tu
DH1626,KH092,Tai nghe Sony WH,Thiet bi so,4,1282290,5129160,2025-05-22 20:00:00,Hanoi,Chuyen khoan
DH1627,KH290,Ban phim co,Phu kien,2,2942166,5884332,2025-10-25 03:00:00,Hanoi,The tin dung
DH1628,KH195,iPhone 15,Dien thoai - Laptop,2,17708757,35417514,2025-08-12 16:00:00,Hai Phong,Chuyen khoan
DH1629,KH142,Loa Bluetooth JBL,Thiet bi so,3,1718210,5154630,2025-12-25 18:00:00,Hai Phong,Chuyen khoan
DH1630,KH392,Dieu hoa Daikin,Dien lanh,3,7240956,21722868,2025-06-14 06:00:00,Ho Chi Minh,The tin dung
DH1631,KH085,Tai nghe Sony WH,Thiet bi so,3,1224755,3674265,2025-02-19 14:00:00,Ho Chi Minh,Chuyen khoan
DH1632,KH106,Samsung Galaxy S24,Dien thoai - Laptop,2,18466542,36933084,2025-06-05 17:00:00,Da Nang,Tien mat
DH1633,KH348,May giat LG,Dien lanh,3,9801282,29403846,2025-08-15 05:00:00,Ho Chi Minh,Vi dien tu
DH1634,KH226,Laptop Asus ROG,Dien thoai - Laptop,3,20799304,62397912,2025-10-03 16:00:00,Can Tho,Vi dien tu
DH1635,KH117,Tu lanh Samsung,Dien lanh,3,6354743,19064229,2025-05-04 19:00:00,Ho Chi Minh,Chuyen khoan
DH1636,KH042,Cap sac nhanh,Phu kien,2,1514904,3029808,2025-03-02 12:00:00,Da Nang,Vi dien tu
DH1637,KH099,Tu lanh Samsung,Dien lanh,2,14676659,29353318,2025-07-30 14:00:00,Hai Phong,Vi dien tu
DH1638,KH336,Laptop Asus ROG,Dien thoai - Laptop,2,30463262,60926524,2025-06-23 18:00:00,Hai Phong,Vi dien tu
DH1639,KH184,Noi com dien Cuckoo,Gia dung,3,1283258,3849774,2025-05-19 06:00:00,Can Tho,The tin dung
DH1640,KH199,Cap sac nhanh,Phu kien,1,2396654,2396654,2025-04-19 14:00:00,Can Tho,Tien mat
DH1641,KH269,Laptop Asus ROG,Dien thoai - Laptop,2,26708387,53416774,2025-02-19 20:00:00,Da Nang,The tin dung
DH1642,KH375,Noi chien khong dau,Gia dung,3,1488369,4465107,2025-01-25 07:00:00,Ho Chi Minh,Chuyen khoan
DH1643,KH056,Chuot khong day Logitech,Phu kien,1,722315,722315,2025-09-26 06:00:00,Da Nang,Tien mat
DH1644,KH130,May nuoc nong,Dien lanh,3,14522597,43567791,2025-05-12 09:00:00,Hanoi,Chuyen khoan
DH1645,KH148,May nuoc nong,Dien lanh,3,10271469,30814407,2025-04-25 16:00:00,Da Nang,The tin dung
DH1646,KH380,MacBook Air M3,Dien thoai - Laptop,2,32988020,65976040,2025-05-07 05:00:00,Nha Trang,Vi dien tu
DH1647,KH243,May nuoc nong,Dien lanh,1,14996991,14996991,2025-11-06 06:00:00,Nha Trang,Vi dien tu
DH1648,KH025,Chuot khong day Logitech,Phu kien,1,2182051,2182051,2025-03-09 06:00:00,Da Nang,Vi dien tu
DH1649,KH350,May chieu Mini,Thiet bi so,4,1028603,4114412,2025-08-09 20:00:00,Hai Phong,Tien mat
DH1650,KH313,Lo vi song Sharp,Gia dung,3,3127681,9383043,2025-10-05 09:00:00,Can Tho,Chuyen khoan
DH1651,KH115,Noi com dien Cuckoo,Gia dung,1,4459530,4459530,2025-02-07 07:00:00,Hai Phong,Chuyen khoan
DH1652,KH318,iPhone 15,Dien thoai - Laptop,3,25067768,75203304,2025-05-25 19:00:00,Hanoi,Vi dien tu
DH1653,KH099,Noi com dien Cuckoo,Gia dung,3,3144309,9432927,2025-06-04 23:00:00,Ho Chi Minh,The tin dung
DH1654,KH334,Tai nghe Sony WH,Thiet bi so,4,1505109,6020436,2025-01-05 03:00:00,Da Nang,Vi dien tu
DH1655,KH154,Chuot khong day Logitech,Phu kien,1,1864176,1864176,2025-12-19 13:00:00,Da Nang,Tien mat
DH1656,KH038,Chuot khong day Logitech,Phu kien,2,2785884,5571768,2025-01-12 10:00:00,Hanoi,Vi dien tu
DH1657,KH035,Noi com dien Cuckoo,Gia dung,4,1546121,6184484,2025-11-25 14:00:00,Hai Phong,The tin dung
DH1658,KH283,Cam hanh trinh,Thiet bi so,4,1752112,7008448,2025-01-11 12:00:00,Can Tho,Vi dien tu
DH1659,KH114,iPad Pro,Dien thoai - Laptop,2,22311246,44622492,2025-11-19 15:00:00,Hanoi,Tien mat
DH1660,KH249,May giat LG,Dien lanh,2,9446239,18892478,2025-02-19 09:00:00,Hanoi,The tin dung
DH1661,KH072,May chieu Mini,Thiet bi so,4,2656282,10625128,2025-03-01 02:00:00,Hai Phong,The tin dung
DH1662,KH096,Ban phim co,Phu kien,2,635381,1270762,2025-05-13 22:00:00,Can Tho,The tin dung
DH1663,KH361,Tu dong Sanaky,Dien lanh,3,11249551,33748653,2025-04-13 04:00:00,Da Nang,Chuyen khoan
DH1664,KH285,Cam hanh trinh,Thiet bi so,2,362975,725950,2025-02-13 10:00:00,Ho Chi Minh,Tien mat
DH1665,KH102,May giat LG,Dien lanh,2,8621703,17243406,2025-05-06 13:00:00,Hanoi,Tien mat
DH1666,KH100,Loa Bluetooth JBL,Thiet bi so,4,2332734,9330936,2025-08-05 12:00:00,Hai Phong,Vi dien tu
DH1667,KH050,Samsung Galaxy S24,Dien thoai - Laptop,4,30465369,121861476,2025-01-20 08:00:00,Can Tho,Vi dien tu
DH1668,KH203,May chieu Mini,Thiet bi so,2,564887,1129774,2025-05-08 00:00:00,Can Tho,The tin dung
DH1669,KH382,Noi chien khong dau,Gia dung,3,3611983,10835949,2025-04-17 21:00:00,Nha Trang,Tien mat
DH1670,KH266,May nuoc nong,Dien lanh,2,13014774,26029548,2025-06-14 09:00:00,Hai Phong,The tin dung
DH1671,KH053,The nho 128GB,Phu kien,2,2113809,4227618,2025-12-10 13:00:00,Ho Chi Minh,Vi dien tu
DH1672,KH041,Dieu hoa Daikin,Dien lanh,2,13732021,27464042,2025-05-26 01:00:00,Can Tho,The tin dung
DH1673,KH135,The nho 128GB,Phu kien,1,1983369,1983369,2025-08-22 15:00:00,Can Tho,The tin dung
DH1674,KH138,May hut bui Dyson,Gia dung,4,1227345,4909380,2025-10-25 13:00:00,Hai Phong,Tien mat
DH1675,KH291,Cap sac nhanh,Phu kien,1,1945114,1945114,2025-07-11 17:00:00,Can Tho,Vi dien tu
DH1676,KH154,May giat LG,Dien lanh,4,17075119,68300476,2025-06-02 10:00:00,Hanoi,Vi dien tu
DH1677,KH065,Tu dong Sanaky,Dien lanh,4,6444469,25777876,2025-11-15 08:00:00,Can Tho,Chuyen khoan
DH1678,KH398,iPhone 15,Dien thoai - Laptop,3,32547058,97641174,2025-03-04 21:00:00,Can Tho,Vi dien tu
DH1679,KH382,Lo vi song Sharp,Gia dung,3,1658912,4976736,2025-06-29 14:00:00,Ho Chi Minh,The tin dung
DH1680,KH382,May chieu Mini,Thiet bi so,3,1655729,4967187,2025-09-22 05:00:00,Hai Phong,The tin dung
DH1681,KH246,Ban phim co,Phu kien,4,748877,2995508,2025-04-04 13:00:00,Hanoi,Tien mat
DH1682,KH211,Loa Bluetooth JBL,Thiet bi so,4,2634551,10538204,2025-04-08 01:00:00,Ho Chi Minh,Tien mat
DH1683,KH056,The nho 128GB,Phu kien,3,1500381,4501143,2025-04-27 17:00:00,Da Nang,Vi dien tu
DH1684,KH172,Tu dong Sanaky,Dien lanh,3,6880201,20640603,2025-10-07 18:00:00,Nha Trang,Vi dien tu
DH1685,KH390,iPhone 15,Dien thoai - Laptop,2,32825736,65651472,2025-10-02 08:00:00,Nha Trang,Vi dien tu
DH1686,KH226,May chieu Mini,Thiet bi so,3,2727214,8181642,2025-06-30 04:00:00,Hanoi,Vi dien tu
DH1687,KH076,Chuot khong day Logitech,Phu kien,3,1004873,3014619,2025-10-16 07:00:00,Da Nang,The tin dung
DH1688,KH120,Tai nghe Sony WH,Thiet bi so,3,1402605,4207815,2025-01-22 10:00:00,Nha Trang,Chuyen khoan
DH1689,KH074,May xay sinh to,Gia dung,2,3547248,7094496,2025-11-13 17:00:00,Nha Trang,Chuyen khoan
DH1690,KH208,Chuot khong day Logitech,Phu kien,3,1478306,4434918,2025-10-01 03:00:00,Nha Trang,Chuyen khoan
DH1691,KH220,Lo vi song Sharp,Gia dung,3,3312917,9938751,2025-07-20 07:00:00,Nha Trang,Vi dien tu
DH1692,KH224,MacBook Air M3,Dien thoai - Laptop,3,18402786,55208358,2025-12-07 10:00:00,Da Nang,Tien mat
DH1693,KH063,May hut bui Dyson,Gia dung,3,4756716,14270148,2025-07-18 05:00:00,Da Nang,Vi dien tu
DH1694,KH383,May hut bui Dyson,Gia dung,4,1313277,5253108,2025-08-28 19:00:00,Hanoi,Tien mat
DH1695,KH032,Samsung Galaxy S24,Dien thoai - Laptop,3,18957475,56872425,2025-03-22 02:00:00,Ho Chi Minh,The tin dung
DH1696,KH378,MacBook Air M3,Dien thoai - Laptop,2,26942361,53884722,2025-06-03 05:00:00,Nha Trang,The tin dung
DH1697,KH162,Tu dong Sanaky,Dien lanh,1,11952290,11952290,2025-06-28 23:00:00,Nha Trang,Vi dien tu
DH1698,KH114,Loa Bluetooth JBL,Thiet bi so,1,861210,861210,2025-07-29 00:00:00,Nha Trang,Tien mat
DH1699,KH371,MacBook Air M3,Dien thoai - Laptop,4,26869666,107478664,2025-03-13 11:00:00,Nha Trang,Chuyen khoan
DH1700,KH238,Samsung Galaxy S24,Dien thoai - Laptop,4,23932382,95729528,2025-06-16 17:00:00,Ho Chi Minh,The tin dung
DH1701,KH254,Cap sac nhanh,Phu kien,1,735236,735236,2025-11-03 05:00:00,Da Nang,Vi dien tu
DH1702,KH333,Lo vi song Sharp,Gia dung,4,1784023,7136092,2025-09-16 00:00:00,Hanoi,Vi dien tu
DH1703,KH210,Laptop Asus ROG,Dien thoai - Laptop,4,15517099,62068396,2025-12-18 08:00:00,Can Tho,Vi dien tu
DH1704,KH243,May chieu Mini,Thiet bi so,2,2648242,5296484,2025-07-05 07:00:00,Da Nang,Chuyen khoan
DH1705,KH235,iPhone 15,Dien thoai - Laptop,4,30900698,123602792,2025-12-04 02:00:00,Ho Chi Minh,Chuyen khoan
DH1706,KH172,Noi com dien Cuckoo,Gia dung,3,2631644,7894932,2025-03-23 16:00:00,Ho Chi Minh,The tin dung
DH1707,KH243,May hut bui Dyson,Gia dung,2,2393197,4786394,2025-07-16 05:00:00,Hai Phong,Tien mat
DH1708,KH294,Noi chien khong dau,Gia dung,4,4291041,17164164,2025-11-14 04:00:00,Nha Trang,Vi dien tu
DH1709,KH045,May chieu Mini,Thiet bi so,2,603213,1206426,2025-06-13 16:00:00,Nha Trang,Tien mat
DH1710,KH077,May hut bui Dyson,Gia dung,4,4506403,18025612,2025-01-31 18:00:00,Da Nang,The tin dung
DH1711,KH067,MacBook Air M3,Dien thoai - Laptop,2,15074201,30148402,2025-09-24 15:00:00,Can Tho,Vi dien tu
DH1712,KH372,Lo vi song Sharp,Gia dung,4,3348199,13392796,2025-04-29 03:00:00,Nha Trang,Chuyen khoan
DH1713,KH397,Chuan tivi Xiaomi,Thiet bi so,3,1130298,3390894,2025-09-29 03:00:00,Nha Trang,Tien mat
DH1714,KH390,Ban phim co,Phu kien,1,2941478,2941478,2025-10-11 09:00:00,Can Tho,The tin dung
DH1715,KH002,iPad Pro,Dien thoai - Laptop,2,34004112,68008224,2025-09-15 09:00:00,Can Tho,Vi dien tu
DH1716,KH282,May nuoc nong,Dien lanh,1,12587032,12587032,2025-03-03 03:00:00,Nha Trang,The tin dung
DH1717,KH221,Ban phim co,Phu kien,4,1189093,4756372,2025-11-19 23:00:00,Hanoi,Vi dien tu
DH1718,KH172,Laptop Asus ROG,Dien thoai - Laptop,2,20798450,41596900,2025-11-04 16:00:00,Nha Trang,Vi dien tu
DH1719,KH069,Dieu hoa Daikin,Dien lanh,2,17243114,34486228,2025-11-07 12:00:00,Da Nang,Vi dien tu
DH1720,KH247,Cam hanh trinh,Thiet bi so,3,1954802,5864406,2025-10-15 05:00:00,Da Nang,The tin dung
DH1721,KH367,May hut bui Dyson,Gia dung,4,4107980,16431920,2025-03-19 22:00:00,Da Nang,Tien mat
DH1722,KH151,May xay sinh to,Gia dung,4,4513638,18054552,2025-10-03 13:00:00,Hai Phong,The tin dung
DH1723,KH362,iPad Pro,Dien thoai - Laptop,1,34918830,34918830,2025-06-09 11:00:00,Da Nang,Vi dien tu
DH1724,KH258,May giat LG,Dien lanh,1,8022977,8022977,2025-05-16 15:00:00,Hai Phong,Tien mat
DH1725,KH139,May nuoc nong,Dien lanh,3,17786481,53359443,2025-07-21 06:00:00,Nha Trang,Chuyen khoan
DH1726,KH318,May xay sinh to,Gia dung,4,3361853,13447412,2025-07-03 10:00:00,Hanoi,The tin dung
DH1727,KH369,Cap sac nhanh,Phu kien,2,324500,649000,2025-08-22 08:00:00,Ho Chi Minh,The tin dung
DH1728,KH383,Laptop Asus ROG,Dien thoai - Laptop,1,20041036,20041036,2025-05-29 07:00:00,Hai Phong,Chuyen khoan
DH1729,KH161,Samsung Galaxy S24,Dien thoai - Laptop,2,32815413,65630826,2025-01-31 11:00:00,Hanoi,The tin dung
DH1730,KH068,Noi com dien Cuckoo,Gia dung,3,1681296,5043888,2025-03-24 21:00:00,Hai Phong,The tin dung
DH1731,KH263,Cap sac nhanh,Phu kien,3,1323681,3971043,2025-03-07 10:00:00,Da Nang,Tien mat
DH1732,KH224,Noi com dien Cuckoo,Gia dung,2,2049767,4099534,2025-07-01 06:00:00,Hanoi,Tien mat
DH1733,KH151,The nho 128GB,Phu kien,4,1202381,4809524,2025-02-08 16:00:00,Hai Phong,Vi dien tu
DH1734,KH118,May chieu Mini,Thiet bi so,2,1367407,2734814,2025-08-28 16:00:00,Ho Chi Minh,Vi dien tu
DH1735,KH240,Samsung Galaxy S24,Dien thoai - Laptop,4,34205910,136823640,2025-05-18 06:00:00,Can Tho,Vi dien tu
DH1736,KH355,Laptop Asus ROG,Dien thoai - Laptop,1,15877892,15877892,2025-07-26 08:00:00,Da Nang,The tin dung
DH1737,KH174,Noi com dien Cuckoo,Gia dung,3,3249315,9747945,2025-07-09 19:00:00,Ho Chi Minh,Tien mat
DH1738,KH262,May nuoc nong,Dien lanh,2,9473608,18947216,2025-11-28 11:00:00,Hanoi,Vi dien tu
DH1739,KH134,May giat LG,Dien lanh,1,7926698,7926698,2025-01-09 18:00:00,Can Tho,Tien mat
DH1740,KH249,iPhone 15,Dien thoai - Laptop,1,27414442,27414442,2025-05-14 00:00:00,Nha Trang,The tin dung
DH1741,KH291,Samsung Galaxy S24,Dien thoai - Laptop,3,24049060,72147180,2025-09-24 09:00:00,Da Nang,Tien mat
DH1742,KH400,The nho 128GB,Phu kien,4,1951144,7804576,2025-02-14 12:00:00,Nha Trang,Chuyen khoan
DH1743,KH233,Chuan tivi Xiaomi,Thiet bi so,2,282603,565206,2025-01-17 14:00:00,Da Nang,Tien mat
DH1744,KH050,Tai nghe Sony WH,Thiet bi so,2,2199454,4398908,2025-08-14 00:00:00,Hanoi,Vi dien tu
DH1745,KH022,MacBook Air M3,Dien thoai - Laptop,3,21703163,65109489,2025-05-21 14:00:00,Hai Phong,Vi dien tu
DH1746,KH198,Tai nghe Sony WH,Thiet bi so,2,2171486,4342972,2025-09-13 18:00:00,Nha Trang,The tin dung
DH1747,KH251,Laptop Asus ROG,Dien thoai - Laptop,2,29816128,59632256,2025-05-24 20:00:00,Da Nang,Chuyen khoan
DH1748,KH193,Tu lanh Samsung,Dien lanh,1,13836173,13836173,2025-07-15 14:00:00,Nha Trang,Chuyen khoan
DH1749,KH149,May giat LG,Dien lanh,1,6456850,6456850,2025-11-24 20:00:00,Can Tho,The tin dung
DH1750,KH126,May giat LG,Dien lanh,3,7523037,22569111,2025-12-24 18:00:00,Hai Phong,Tien mat
DH1751,KH192,Ban phim co,Phu kien,2,1566966,3133932,2025-07-29 23:00:00,Nha Trang,Vi dien tu
DH1752,KH018,iPad Pro,Dien thoai - Laptop,3,33357249,100071747,2025-05-28 18:00:00,Ho Chi Minh,The tin dung
DH1753,KH356,Ban phim co,Phu kien,1,1671334,1671334,2025-12-23 07:00:00,Ho Chi Minh,The tin dung
DH1754,KH142,May hut bui Dyson,Gia dung,3,3978627,11935881,2025-10-09 04:00:00,Da Nang,Vi dien tu
DH1755,KH357,Cap sac nhanh,Phu kien,4,2116354,8465416,2025-09-26 04:00:00,Hai Phong,Vi dien tu
DH1756,KH313,Dieu hoa Daikin,Dien lanh,1,6509443,6509443,2025-06-13 17:00:00,Hanoi,Chuyen khoan
DH1757,KH262,Sac du phong Anker,Phu kien,3,1022572,3067716,2025-10-07 12:00:00,Ho Chi Minh,Vi dien tu
DH1758,KH329,Tu dong Sanaky,Dien lanh,1,9059409,9059409,2025-07-26 06:00:00,Nha Trang,Tien mat
DH1759,KH031,iPad Pro,Dien thoai - Laptop,4,15550846,62203384,2025-12-06 16:00:00,Can Tho,Chuyen khoan
DH1760,KH272,Cap sac nhanh,Phu kien,2,1110068,2220136,2025-07-05 21:00:00,Can Tho,Vi dien tu
DH1761,KH174,Laptop Asus ROG,Dien thoai - Laptop,1,20973712,20973712,2025-10-27 22:00:00,Nha Trang,The tin dung
DH1762,KH179,Noi chien khong dau,Gia dung,3,2323631,6970893,2025-01-22 04:00:00,Hai Phong,The tin dung
DH1763,KH384,May nuoc nong,Dien lanh,4,9901003,39604012,2025-06-01 10:00:00,Hanoi,The tin dung
DH1764,KH322,iPhone 15,Dien thoai - Laptop,1,28551006,28551006,2025-12-04 18:00:00,Can Tho,Tien mat
DH1765,KH299,Loa Bluetooth JBL,Thiet bi so,1,568257,568257,2025-03-08 20:00:00,Hanoi,Vi dien tu
DH1766,KH300,iPhone 15,Dien thoai - Laptop,2,34979824,69959648,2025-09-09 09:00:00,Hai Phong,Vi dien tu
DH1767,KH064,MacBook Air M3,Dien thoai - Laptop,1,31055306,31055306,2025-03-11 01:00:00,Ho Chi Minh,Vi dien tu
DH1768,KH388,Sac du phong Anker,Phu kien,1,2504477,2504477,2025-01-22 23:00:00,Hanoi,Vi dien tu
DH1769,KH112,Loa Bluetooth JBL,Thiet bi so,1,224046,224046,2025-09-06 15:00:00,Nha Trang,The tin dung
DH1770,KH190,MacBook Air M3,Dien thoai - Laptop,2,23003598,46007196,2025-05-29 23:00:00,Can Tho,The tin dung
DH1771,KH075,Ban phim co,Phu kien,2,334562,669124,2025-03-09 19:00:00,Can Tho,The tin dung
DH1772,KH004,iPhone 15,Dien thoai - Laptop,2,18706464,37412928,2025-09-04 05:00:00,Can Tho,The tin dung
DH1773,KH119,Noi com dien Cuckoo,Gia dung,1,1971466,1971466,2025-10-26 05:00:00,Hanoi,Vi dien tu
DH1774,KH243,May nuoc nong,Dien lanh,4,15504231,62016924,2025-05-13 12:00:00,Hai Phong,Chuyen khoan
DH1775,KH255,Noi chien khong dau,Gia dung,2,1820699,3641398,2025-12-05 17:00:00,Hai Phong,Vi dien tu
DH1776,KH045,Chuot khong day Logitech,Phu kien,2,1844462,3688924,2025-06-23 23:00:00,Hanoi,Tien mat
DH1777,KH240,iPhone 15,Dien thoai - Laptop,2,16617501,33235002,2025-01-28 21:00:00,Ho Chi Minh,Tien mat
DH1778,KH057,Chuan tivi Xiaomi,Thiet bi so,3,2848450,8545350,2025-05-01 15:00:00,Can Tho,Tien mat
DH1779,KH373,May hut bui Dyson,Gia dung,4,2724137,10896548,2025-05-26 15:00:00,Hanoi,Chuyen khoan
DH1780,KH061,iPhone 15,Dien thoai - Laptop,4,19593569,78374276,2025-06-05 14:00:00,Da Nang,Chuyen khoan
DH1781,KH009,Chuot khong day Logitech,Phu kien,2,2436673,4873346,2025-03-28 09:00:00,Nha Trang,Vi dien tu
DH1782,KH215,Tai nghe Sony WH,Thiet bi so,2,2281744,4563488,2025-08-03 10:00:00,Da Nang,Tien mat
DH1783,KH376,Samsung Galaxy S24,Dien thoai - Laptop,1,16706726,16706726,2025-10-30 14:00:00,Nha Trang,Vi dien tu
DH1784,KH372,Ban phim co,Phu kien,3,463821,1391463,2025-09-25 08:00:00,Hanoi,Chuyen khoan
DH1785,KH358,May xay sinh to,Gia dung,3,3300318,9900954,2025-05-02 10:00:00,Hanoi,Vi dien tu
DH1786,KH242,Tai nghe Sony WH,Thiet bi so,4,1994135,7976540,2025-07-14 09:00:00,Da Nang,Tien mat
DH1787,KH108,Laptop Asus ROG,Dien thoai - Laptop,3,16139294,48417882,2025-01-12 23:00:00,Ho Chi Minh,The tin dung
DH1788,KH345,Noi chien khong dau,Gia dung,2,3496851,6993702,2025-03-19 06:00:00,Hai Phong,Tien mat
DH1789,KH397,Chuan tivi Xiaomi,Thiet bi so,4,459107,1836428,2025-08-20 20:00:00,Can Tho,Vi dien tu
DH1790,KH089,iPad Pro,Dien thoai - Laptop,3,15412638,46237914,2025-11-22 09:00:00,Nha Trang,Vi dien tu
DH1791,KH327,Laptop Asus ROG,Dien thoai - Laptop,1,23232788,23232788,2025-12-21 17:00:00,Da Nang,Chuyen khoan
DH1792,KH248,Tu lanh Samsung,Dien lanh,2,6856546,13713092,2025-04-27 11:00:00,Ho Chi Minh,Vi dien tu
DH1793,KH049,May hut bui Dyson,Gia dung,2,1025141,2050282,2025-03-09 14:00:00,Da Nang,Chuyen khoan
DH1794,KH377,May xay sinh to,Gia dung,2,3791701,7583402,2025-10-31 04:00:00,Da Nang,Vi dien tu
DH1795,KH090,Samsung Galaxy S24,Dien thoai - Laptop,2,22476664,44953328,2025-02-06 02:00:00,Ho Chi Minh,The tin dung
DH1796,KH373,iPhone 15,Dien thoai - Laptop,4,15641039,62564156,2025-05-08 20:00:00,Can Tho,Tien mat
DH1797,KH285,Lo vi song Sharp,Gia dung,4,2812552,11250208,2025-10-15 21:00:00,Hai Phong,Tien mat
DH1798,KH233,Tu lanh Samsung,Dien lanh,4,10886186,43544744,2025-01-19 06:00:00,Ho Chi Minh,The tin dung
DH1799,KH310,iPhone 15,Dien thoai - Laptop,4,28296965,113187860,2025-12-28 04:00:00,Da Nang,Chuyen khoan
DH1800,KH042,Laptop Asus ROG,Dien thoai - Laptop,3,24886385,74659155,2025-11-28 10:00:00,Ho Chi Minh,Tien mat
DH1801,KH231,Lo vi song Sharp,Gia dung,4,2497205,9988820,2025-03-09 06:00:00,Da Nang,Tien mat
DH1802,KH258,May nuoc nong,Dien lanh,2,7026985,14053970,2025-08-02 03:00:00,Hai Phong,Chuyen khoan
DH1803,KH282,May xay sinh to,Gia dung,1,3525601,3525601,2025-05-04 07:00:00,Nha Trang,The tin dung
DH1804,KH150,iPad Pro,Dien thoai - Laptop,2,18156386,36312772,2025-03-01 12:00:00,Nha Trang,The tin dung
DH1805,KH161,MacBook Air M3,Dien thoai - Laptop,1,33191701,33191701,2025-02-02 15:00:00,Ho Chi Minh,The tin dung
DH1806,KH131,Cam hanh trinh,Thiet bi so,1,253710,253710,2025-01-09 10:00:00,Hai Phong,Chuyen khoan
DH1807,KH184,Samsung Galaxy S24,Dien thoai - Laptop,4,27464039,109856156,2025-02-17 04:00:00,Hanoi,Tien mat
DH1808,KH119,Loa Bluetooth JBL,Thiet bi so,3,1804276,5412828,2025-10-28 06:00:00,Nha Trang,Tien mat
DH1809,KH382,Tai nghe Sony WH,Thiet bi so,3,1163377,3490131,2025-09-17 16:00:00,Da Nang,The tin dung
DH1810,KH178,Dieu hoa Daikin,Dien lanh,3,14100181,42300543,2025-11-07 18:00:00,Nha Trang,Chuyen khoan
DH1811,KH296,iPad Pro,Dien thoai - Laptop,1,34726541,34726541,2025-04-02 08:00:00,Hanoi,Tien mat
DH1812,KH295,Laptop Asus ROG,Dien thoai - Laptop,1,30274560,30274560,2025-12-21 06:00:00,Hanoi,Tien mat
DH1813,KH362,May giat LG,Dien lanh,1,12574194,12574194,2025-12-07 21:00:00,Hai Phong,Tien mat
DH1814,KH358,Noi chien khong dau,Gia dung,3,1565219,4695657,2025-01-09 21:00:00,Hai Phong,Vi dien tu
DH1815,KH314,Lo vi song Sharp,Gia dung,3,4413828,13241484,2025-07-17 01:00:00,Da Nang,Vi dien tu
DH1816,KH016,Loa Bluetooth JBL,Thiet bi so,2,1214934,2429868,2025-06-02 01:00:00,Hai Phong,The tin dung
DH1817,KH168,iPhone 15,Dien thoai - Laptop,1,21586026,21586026,2025-01-30 05:00:00,Hanoi,The tin dung
DH1818,KH214,Sac du phong Anker,Phu kien,4,2275914,9103656,2025-04-04 22:00:00,Hai Phong,Tien mat
DH1819,KH238,Ban phim co,Phu kien,2,2004210,4008420,2025-10-12 09:00:00,Ho Chi Minh,Tien mat
DH1820,KH125,Tu dong Sanaky,Dien lanh,3,8237854,24713562,2025-01-08 01:00:00,Da Nang,Tien mat
DH1821,KH372,iPhone 15,Dien thoai - Laptop,1,19216433,19216433,2025-05-01 00:00:00,Can Tho,The tin dung
DH1822,KH058,May hut bui Dyson,Gia dung,2,3945637,7891274,2025-06-03 01:00:00,Hai Phong,The tin dung
DH1823,KH157,Tu lanh Samsung,Dien lanh,2,10234786,20469572,2025-04-16 21:00:00,Hanoi,Vi dien tu
DH1824,KH001,May xay sinh to,Gia dung,2,1852850,3705700,2025-03-26 19:00:00,Da Nang,Chuyen khoan
DH1825,KH051,May chieu Mini,Thiet bi so,1,1352720,1352720,2025-06-28 08:00:00,Hanoi,The tin dung
DH1826,KH091,Chuan tivi Xiaomi,Thiet bi so,4,213582,854328,2025-12-04 17:00:00,Da Nang,Chuyen khoan
DH1827,KH015,Chuot khong day Logitech,Phu kien,4,379512,1518048,2025-04-04 01:00:00,Ho Chi Minh,Chuyen khoan
DH1828,KH254,Tu dong Sanaky,Dien lanh,3,11083506,33250518,2025-12-05 08:00:00,Can Tho,Tien mat
DH1829,KH267,Dieu hoa Daikin,Dien lanh,4,13370510,53482040,2025-06-23 21:00:00,Hai Phong,Tien mat
DH1830,KH061,May giat LG,Dien lanh,1,11905991,11905991,2025-04-10 17:00:00,Da Nang,Tien mat
DH1831,KH204,Samsung Galaxy S24,Dien thoai - Laptop,2,32023169,64046338,2025-12-25 15:00:00,Da Nang,Vi dien tu
DH1832,KH273,Loa Bluetooth JBL,Thiet bi so,4,2584939,10339756,2025-06-10 17:00:00,Hanoi,Vi dien tu
DH1833,KH041,Cap sac nhanh,Phu kien,3,2205541,6616623,2025-02-11 13:00:00,Da Nang,Chuyen khoan
DH1834,KH373,Loa Bluetooth JBL,Thiet bi so,4,2247109,8988436,2025-09-20 09:00:00,Hai Phong,Tien mat
DH1835,KH385,Loa Bluetooth JBL,Thiet bi so,2,2137407,4274814,2025-11-19 21:00:00,Ho Chi Minh,Tien mat
DH1836,KH372,Tai nghe Sony WH,Thiet bi so,2,1480035,2960070,2025-04-29 23:00:00,Da Nang,Vi dien tu
DH1837,KH025,iPhone 15,Dien thoai - Laptop,4,22593748,90374992,2025-06-10 05:00:00,Can Tho,Chuyen khoan
DH1838,KH337,Lo vi song Sharp,Gia dung,4,2879776,11519104,2025-10-21 15:00:00,Nha Trang,The tin dung
DH1839,KH306,May hut bui Dyson,Gia dung,2,4656367,9312734,2025-11-21 07:00:00,Da Nang,Vi dien tu
DH1840,KH159,Ban phim co,Phu kien,2,663638,1327276,2025-06-07 05:00:00,Da Nang,Tien mat
DH1841,KH362,iPhone 15,Dien thoai - Laptop,1,34121261,34121261,2025-09-21 07:00:00,Hai Phong,The tin dung
DH1842,KH213,May nuoc nong,Dien lanh,1,13518777,13518777,2025-10-26 04:00:00,Nha Trang,Vi dien tu
DH1843,KH006,Lo vi song Sharp,Gia dung,3,3257617,9772851,2025-09-06 12:00:00,Ho Chi Minh,Tien mat
DH1844,KH273,Ban phim co,Phu kien,2,2519152,5038304,2025-06-28 10:00:00,Hanoi,Vi dien tu
DH1845,KH380,Cam hanh trinh,Thiet bi so,1,434098,434098,2025-07-06 03:00:00,Nha Trang,Vi dien tu
DH1846,KH113,Ban phim co,Phu kien,2,2191532,4383064,2025-02-25 07:00:00,Hanoi,Tien mat
DH1847,KH182,Cap sac nhanh,Phu kien,3,2419702,7259106,2025-03-30 01:00:00,Hanoi,Chuyen khoan
DH1848,KH152,Laptop Asus ROG,Dien thoai - Laptop,4,27932948,111731792,2025-11-18 01:00:00,Nha Trang,Vi dien tu
DH1849,KH191,MacBook Air M3,Dien thoai - Laptop,2,19116840,38233680,2025-08-25 10:00:00,Hanoi,The tin dung
DH1850,KH317,MacBook Air M3,Dien thoai - Laptop,2,31956163,63912326,2025-03-21 23:00:00,Nha Trang,Vi dien tu
DH1851,KH122,May hut bui Dyson,Gia dung,2,4454294,8908588,2025-11-01 18:00:00,Hai Phong,Tien mat
DH1852,KH334,Noi chien khong dau,Gia dung,2,1488694,2977388,2025-08-17 14:00:00,Da Nang,Vi dien tu
DH1853,KH121,Ban phim co,Phu kien,4,2071211,8284844,2025-07-28 19:00:00,Ho Chi Minh,Vi dien tu
DH1854,KH389,Laptop Asus ROG,Dien thoai - Laptop,3,29421549,88264647,2025-03-23 17:00:00,Nha Trang,Chuyen khoan
DH1855,KH384,Noi com dien Cuckoo,Gia dung,1,4726890,4726890,2025-12-31 08:00:00,Hanoi,Tien mat
DH1856,KH196,Noi com dien Cuckoo,Gia dung,3,3699939,11099817,2025-02-04 01:00:00,Nha Trang,Tien mat
DH1857,KH344,Noi com dien Cuckoo,Gia dung,4,4893440,19573760,2025-12-23 12:00:00,Hai Phong,The tin dung
DH1858,KH179,Laptop Asus ROG,Dien thoai - Laptop,3,33630209,100890627,2025-08-10 14:00:00,Hai Phong,Tien mat
DH1859,KH327,Laptop Asus ROG,Dien thoai - Laptop,4,16844821,67379284,2025-03-03 20:00:00,Hanoi,Tien mat
DH1860,KH169,iPhone 15,Dien thoai - Laptop,4,16519545,66078180,2025-05-04 13:00:00,Hai Phong,Chuyen khoan
DH1861,KH172,Ban phim co,Phu kien,2,2444642,4889284,2025-02-06 15:00:00,Da Nang,The tin dung
DH1862,KH158,Sac du phong Anker,Phu kien,2,729431,1458862,2025-06-15 20:00:00,Can Tho,Tien mat
DH1863,KH001,The nho 128GB,Phu kien,4,2827015,11308060,2025-06-08 12:00:00,Da Nang,Vi dien tu
DH1864,KH180,Loa Bluetooth JBL,Thiet bi so,4,1320447,5281788,2025-01-31 12:00:00,Da Nang,The tin dung
DH1865,KH046,Samsung Galaxy S24,Dien thoai - Laptop,1,15003676,15003676,2025-12-10 03:00:00,Hai Phong,The tin dung
DH1866,KH225,The nho 128GB,Phu kien,1,2204862,2204862,2025-09-19 22:00:00,Hai Phong,The tin dung
DH1867,KH376,Tu dong Sanaky,Dien lanh,2,12785521,25571042,2025-10-30 18:00:00,Hanoi,Tien mat
DH1868,KH396,Samsung Galaxy S24,Dien thoai - Laptop,2,22248866,44497732,2025-02-04 22:00:00,Can Tho,Vi dien tu
DH1869,KH360,Ban phim co,Phu kien,4,1262073,5048292,2025-05-29 12:00:00,Hai Phong,Chuyen khoan
DH1870,KH266,Cap sac nhanh,Phu kien,3,1149345,3448035,2025-09-13 14:00:00,Nha Trang,Chuyen khoan
DH1871,KH235,Sac du phong Anker,Phu kien,4,581170,2324680,2025-03-13 21:00:00,Hanoi,Tien mat
DH1872,KH351,May xay sinh to,Gia dung,4,2171860,8687440,2025-09-23 23:00:00,Hai Phong,Tien mat
DH1873,KH338,Laptop Asus ROG,Dien thoai - Laptop,3,15779326,47337978,2025-05-27 08:00:00,Nha Trang,The tin dung
DH1874,KH179,MacBook Air M3,Dien thoai - Laptop,1,33772431,33772431,2025-05-23 15:00:00,Ho Chi Minh,The tin dung
DH1875,KH262,Tu lanh Samsung,Dien lanh,2,9608142,19216284,2025-12-19 23:00:00,Nha Trang,The tin dung
DH1876,KH321,May giat LG,Dien lanh,1,16863317,16863317,2025-05-21 13:00:00,Ho Chi Minh,Vi dien tu
DH1877,KH379,Chuot khong day Logitech,Phu kien,3,303262,909786,2025-03-15 01:00:00,Nha Trang,The tin dung
DH1878,KH071,Chuot khong day Logitech,Phu kien,1,980468,980468,2025-08-08 10:00:00,Can Tho,Vi dien tu
DH1879,KH122,Laptop Asus ROG,Dien thoai - Laptop,2,24249655,48499310,2025-01-29 21:00:00,Hai Phong,The tin dung
DH1880,KH343,Chuan tivi Xiaomi,Thiet bi so,3,2227170,6681510,2025-05-21 00:00:00,Da Nang,Chuyen khoan
DH1881,KH062,May nuoc nong,Dien lanh,2,13220455,26440910,2025-11-27 19:00:00,Can Tho,The tin dung
DH1882,KH246,Loa Bluetooth JBL,Thiet bi so,3,1504489,4513467,2025-06-30 12:00:00,Hanoi,The tin dung
DH1883,KH263,Sac du phong Anker,Phu kien,3,2810158,8430474,2025-09-03 13:00:00,Nha Trang,The tin dung
DH1884,KH101,Tu lanh Samsung,Dien lanh,2,14624855,29249710,2025-03-02 16:00:00,Ho Chi Minh,Vi dien tu
DH1885,KH312,Tu dong Sanaky,Dien lanh,4,11319043,45276172,2025-12-22 12:00:00,Can Tho,Chuyen khoan
DH1886,KH284,Sac du phong Anker,Phu kien,1,1572195,1572195,2025-09-12 11:00:00,Hanoi,Vi dien tu
DH1887,KH225,iPad Pro,Dien thoai - Laptop,4,32575063,130300252,2025-05-31 20:00:00,Can Tho,The tin dung
DH1888,KH101,Chuan tivi Xiaomi,Thiet bi so,3,1774758,5324274,2025-12-31 02:00:00,Ho Chi Minh,Chuyen khoan
DH1889,KH276,Noi chien khong dau,Gia dung,1,4498233,4498233,2025-05-09 15:00:00,Ho Chi Minh,Tien mat
DH1890,KH063,Tai nghe Sony WH,Thiet bi so,2,693810,1387620,2025-12-11 16:00:00,Ho Chi Minh,Vi dien tu
DH1891,KH256,Noi com dien Cuckoo,Gia dung,3,4811478,14434434,2025-09-17 20:00:00,Ho Chi Minh,Tien mat
DH1892,KH158,Noi chien khong dau,Gia dung,2,2648816,5297632,2025-10-13 07:00:00,Ho Chi Minh,Tien mat
DH1893,KH314,May chieu Mini,Thiet bi so,3,2383355,7150065,2025-02-14 02:00:00,Can Tho,Tien mat
DH1894,KH185,Noi chien khong dau,Gia dung,3,4779185,14337555,2025-08-04 21:00:00,Can Tho,Tien mat
DH1895,KH100,Noi chien khong dau,Gia dung,2,3090358,6180716,2025-01-27 22:00:00,Nha Trang,Vi dien tu
DH1896,KH049,Chuot khong day Logitech,Phu kien,2,1989764,3979528,2025-12-28 21:00:00,Hanoi,Chuyen khoan
DH1897,KH101,Lo vi song Sharp,Gia dung,3,2953708,8861124,2025-05-14 06:00:00,Da Nang,Tien mat
DH1898,KH349,May chieu Mini,Thiet bi so,4,2858197,11432788,2025-12-09 21:00:00,Hanoi,Tien mat
DH1899,KH325,Laptop Asus ROG,Dien thoai - Laptop,4,17306637,69226548,2025-11-10 23:00:00,Hanoi,Chuyen khoan
DH1900,KH160,Dieu hoa Daikin,Dien lanh,1,16496186,16496186,2025-10-02 23:00:00,Hai Phong,Vi dien tu
DH1901,KH362,iPhone 15,Dien thoai - Laptop,4,31894045,127576180,2025-10-04 03:00:00,Can Tho,Chuyen khoan
DH1902,KH096,Noi chien khong dau,Gia dung,4,2363258,9453032,2025-07-13 09:00:00,Nha Trang,Tien mat
DH1903,KH205,Cap sac nhanh,Phu kien,4,1276360,5105440,2025-10-26 01:00:00,Ho Chi Minh,Vi dien tu
DH1904,KH184,Chuot khong day Logitech,Phu kien,2,1707593,3415186,2025-08-10 21:00:00,Nha Trang,Chuyen khoan
DH1905,KH285,Dieu hoa Daikin,Dien lanh,3,6394408,19183224,2025-01-30 10:00:00,Hanoi,Tien mat
DH1906,KH233,The nho 128GB,Phu kien,2,1263793,2527586,2025-07-08 23:00:00,Can Tho,Vi dien tu
DH1907,KH126,Tai nghe Sony WH,Thiet bi so,4,1561711,6246844,2025-04-08 22:00:00,Ho Chi Minh,The tin dung
DH1908,KH292,Chuot khong day Logitech,Phu kien,3,1337892,4013676,2025-09-05 13:00:00,Da Nang,Vi dien tu
DH1909,KH255,Noi chien khong dau,Gia dung,2,2472621,4945242,2025-05-02 17:00:00,Da Nang,Chuyen khoan
DH1910,KH308,May xay sinh to,Gia dung,1,4022853,4022853,2025-08-12 23:00:00,Can Tho,Tien mat
DH1911,KH042,Chuot khong day Logitech,Phu kien,3,902174,2706522,2025-03-22 14:00:00,Hai Phong,The tin dung
DH1912,KH130,Chuot khong day Logitech,Phu kien,2,2248494,4496988,2025-01-22 00:00:00,Da Nang,Vi dien tu
DH1913,KH036,Tu dong Sanaky,Dien lanh,2,13881331,27762662,2025-04-18 05:00:00,Da Nang,The tin dung
DH1914,KH170,iPad Pro,Dien thoai - Laptop,3,34285989,102857967,2025-06-25 09:00:00,Can Tho,Vi dien tu
DH1915,KH168,May hut bui Dyson,Gia dung,2,1729964,3459928,2025-03-17 21:00:00,Can Tho,Tien mat
DH1916,KH011,May chieu Mini,Thiet bi so,2,1458939,2917878,2025-05-29 07:00:00,Da Nang,Tien mat
DH1917,KH312,Noi com dien Cuckoo,Gia dung,4,1721675,6886700,2025-04-27 01:00:00,Hai Phong,Vi dien tu
DH1918,KH116,May hut bui Dyson,Gia dung,1,2811721,2811721,2025-11-17 07:00:00,Ho Chi Minh,Vi dien tu
DH1919,KH316,iPhone 15,Dien thoai - Laptop,2,34160942,68321884,2025-05-13 02:00:00,Can Tho,Tien mat
DH1920,KH091,May chieu Mini,Thiet bi so,1,935459,935459,2025-07-23 11:00:00,Hai Phong,The tin dung
DH1921,KH132,Dieu hoa Daikin,Dien lanh,3,13123733,39371199,2025-09-12 18:00:00,Hanoi,The tin dung
DH1922,KH111,Loa Bluetooth JBL,Thiet bi so,4,2668944,10675776,2025-05-03 09:00:00,Ho Chi Minh,Chuyen khoan
DH1923,KH255,Loa Bluetooth JBL,Thiet bi so,3,605402,1816206,2025-12-17 14:00:00,Ho Chi Minh,Vi dien tu
DH1924,KH220,Laptop Asus ROG,Dien thoai - Laptop,2,19793291,39586582,2025-04-04 22:00:00,Hai Phong,Tien mat
DH1925,KH264,Ban phim co,Phu kien,4,573512,2294048,2025-03-26 19:00:00,Da Nang,The tin dung
DH1926,KH059,May hut bui Dyson,Gia dung,3,1812668,5438004,2025-04-06 14:00:00,Nha Trang,Tien mat
DH1927,KH247,May hut bui Dyson,Gia dung,1,1833259,1833259,2025-02-27 19:00:00,Nha Trang,The tin dung
DH1928,KH313,Sac du phong Anker,Phu kien,1,377363,377363,2025-08-18 18:00:00,Ho Chi Minh,Vi dien tu
DH1929,KH205,Noi com dien Cuckoo,Gia dung,3,4424157,13272471,2025-05-21 04:00:00,Da Nang,Tien mat
DH1930,KH047,Loa Bluetooth JBL,Thiet bi so,1,323091,323091,2025-01-18 11:00:00,Ho Chi Minh,Chuyen khoan
DH1931,KH152,Loa Bluetooth JBL,Thiet bi so,4,2500979,10003916,2025-07-03 20:00:00,Can Tho,Tien mat
DH1932,KH017,iPad Pro,Dien thoai - Laptop,1,15687062,15687062,2025-08-16 02:00:00,Ho Chi Minh,Vi dien tu
DH1933,KH123,Chuan tivi Xiaomi,Thiet bi so,4,2134606,8538424,2025-04-29 11:00:00,Hai Phong,The tin dung
DH1934,KH365,May hut bui Dyson,Gia dung,2,4500674,9001348,2025-05-26 12:00:00,Nha Trang,Tien mat
DH1935,KH128,May nuoc nong,Dien lanh,3,8672291,26016873,2025-08-31 01:00:00,Hanoi,Tien mat
DH1936,KH351,May chieu Mini,Thiet bi so,3,1164135,3492405,2025-06-05 22:00:00,Nha Trang,The tin dung
DH1937,KH098,May chieu Mini,Thiet bi so,4,1630640,6522560,2025-10-26 13:00:00,Can Tho,Chuyen khoan
DH1938,KH225,MacBook Air M3,Dien thoai - Laptop,2,21155690,42311380,2025-05-22 12:00:00,Hanoi,Chuyen khoan
DH1939,KH094,Tai nghe Sony WH,Thiet bi so,4,671439,2685756,2025-06-11 03:00:00,Da Nang,Vi dien tu
DH1940,KH179,Cam hanh trinh,Thiet bi so,4,1102470,4409880,2025-09-15 18:00:00,Hanoi,Tien mat
DH1941,KH076,May giat LG,Dien lanh,4,17056138,68224552,2025-08-14 03:00:00,Nha Trang,Chuyen khoan
DH1942,KH318,The nho 128GB,Phu kien,2,2419027,4838054,2025-03-27 17:00:00,Ho Chi Minh,The tin dung
DH1943,KH251,Ban phim co,Phu kien,2,1478864,2957728,2025-08-26 22:00:00,Hanoi,Tien mat
DH1944,KH047,May hut bui Dyson,Gia dung,3,2024215,6072645,2025-01-22 12:00:00,Da Nang,Chuyen khoan
DH1945,KH183,Chuot khong day Logitech,Phu kien,3,1816786,5450358,2025-11-05 21:00:00,Hanoi,Chuyen khoan
DH1946,KH015,Laptop Asus ROG,Dien thoai - Laptop,2,15800934,31601868,2025-03-25 20:00:00,Can Tho,Chuyen khoan
DH1947,KH051,Loa Bluetooth JBL,Thiet bi so,3,1764713,5294139,2025-11-04 04:00:00,Hai Phong,Vi dien tu
DH1948,KH324,Noi com dien Cuckoo,Gia dung,2,3982609,7965218,2025-08-28 09:00:00,Nha Trang,Chuyen khoan
DH1949,KH376,Tu lanh Samsung,Dien lanh,4,7884257,31537028,2025-05-27 23:00:00,Ho Chi Minh,Vi dien tu
DH1950,KH022,Noi chien khong dau,Gia dung,3,2534974,7604922,2025-02-05 08:00:00,Hanoi,Chuyen khoan
DH1951,KH223,May nuoc nong,Dien lanh,2,9155202,18310404,2025-03-23 18:00:00,Nha Trang,Chuyen khoan
DH1952,KH323,MacBook Air M3,Dien thoai - Laptop,1,33691026,33691026,2025-07-27 22:00:00,Can Tho,Vi dien tu
DH1953,KH076,Laptop Asus ROG,Dien thoai - Laptop,1,20643565,20643565,2025-03-15 23:00:00,Can Tho,The tin dung
DH1954,KH366,Noi com dien Cuckoo,Gia dung,1,4727350,4727350,2025-04-26 01:00:00,Nha Trang,Tien mat
DH1955,KH175,Sac du phong Anker,Phu kien,4,377245,1508980,2025-07-04 03:00:00,Da Nang,Chuyen khoan
DH1956,KH339,Dieu hoa Daikin,Dien lanh,1,9492799,9492799,2025-10-25 03:00:00,Nha Trang,The tin dung
DH1957,KH017,Dieu hoa Daikin,Dien lanh,2,16529234,33058468,2025-03-20 10:00:00,Da Nang,The tin dung
DH1958,KH140,Lo vi song Sharp,Gia dung,4,1945100,7780400,2025-08-16 05:00:00,Ho Chi Minh,Vi dien tu
DH1959,KH173,May nuoc nong,Dien lanh,3,16856125,50568375,2025-06-08 17:00:00,Hanoi,Vi dien tu
DH1960,KH066,May xay sinh to,Gia dung,3,1679017,5037051,2025-04-27 01:00:00,Ho Chi Minh,Tien mat
DH1961,KH237,Tu lanh Samsung,Dien lanh,4,16344160,65376640,2025-07-04 18:00:00,Can Tho,Chuyen khoan
DH1962,KH361,Chuan tivi Xiaomi,Thiet bi so,1,1322825,1322825,2025-08-28 23:00:00,Hai Phong,Vi dien tu
DH1963,KH130,May hut bui Dyson,Gia dung,4,1607209,6428836,2025-09-16 01:00:00,Hai Phong,Chuyen khoan
DH1964,KH395,Dieu hoa Daikin,Dien lanh,4,13585256,54341024,2025-07-24 09:00:00,Can Tho,The tin dung
DH1965,KH173,Samsung Galaxy S24,Dien thoai - Laptop,2,22255329,44510658,2025-01-24 01:00:00,Hai Phong,Chuyen khoan
DH1966,KH054,May hut bui Dyson,Gia dung,2,3100952,6201904,2025-12-22 19:00:00,Hanoi,Vi dien tu
DH1967,KH065,May xay sinh to,Gia dung,4,3309655,13238620,2025-12-26 17:00:00,Hanoi,Tien mat
DH1968,KH251,MacBook Air M3,Dien thoai - Laptop,4,33802895,135211580,2025-12-10 03:00:00,Nha Trang,The tin dung
DH1969,KH079,Cam hanh trinh,Thiet bi so,1,2738853,2738853,2025-10-19 17:00:00,Hai Phong,Chuyen khoan
DH1970,KH308,May chieu Mini,Thiet bi so,2,322993,645986,2025-02-10 12:00:00,Hanoi,The tin dung
DH1971,KH074,Cap sac nhanh,Phu kien,2,562297,1124594,2025-08-10 05:00:00,Hai Phong,Tien mat
DH1972,KH208,May hut bui Dyson,Gia dung,3,2092723,6278169,2025-08-05 16:00:00,Hai Phong,Tien mat
DH1973,KH003,Cam hanh trinh,Thiet bi so,3,2593223,7779669,2025-03-24 21:00:00,Hanoi,Tien mat
DH1974,KH024,Noi com dien Cuckoo,Gia dung,4,1083613,4334452,2025-06-01 20:00:00,Da Nang,Chuyen khoan
DH1975,KH314,MacBook Air M3,Dien thoai - Laptop,4,20659539,82638156,2025-09-11 06:00:00,Da Nang,The tin dung
DH1976,KH399,The nho 128GB,Phu kien,4,925521,3702084,2025-02-28 10:00:00,Da Nang,The tin dung
DH1977,KH331,Tu dong Sanaky,Dien lanh,2,6423724,12847448,2025-11-14 10:00:00,Nha Trang,The tin dung
DH1978,KH195,The nho 128GB,Phu kien,4,698920,2795680,2025-06-09 01:00:00,Ho Chi Minh,Tien mat
DH1979,KH337,Cam hanh trinh,Thiet bi so,2,617682,1235364,2025-07-24 15:00:00,Hanoi,Chuyen khoan
DH1980,KH236,Sac du phong Anker,Phu kien,4,839982,3359928,2025-06-30 20:00:00,Da Nang,Chuyen khoan
DH1981,KH256,Dieu hoa Daikin,Dien lanh,4,10445436,41781744,2025-10-27 08:00:00,Hanoi,Chuyen khoan
DH1982,KH269,The nho 128GB,Phu kien,1,1229602,1229602,2025-02-04 20:00:00,Nha Trang,Chuyen khoan
DH1983,KH132,Noi com dien Cuckoo,Gia dung,3,1438155,4314465,2025-04-26 20:00:00,Hai Phong,Tien mat
DH1984,KH170,May giat LG,Dien lanh,1,13070558,13070558,2025-12-24 09:00:00,Ho Chi Minh,Vi dien tu
DH1985,KH121,Lo vi song Sharp,Gia dung,4,3237338,12949352,2025-01-08 15:00:00,Can Tho,Tien mat
DH1986,KH197,The nho 128GB,Phu kien,3,652020,1956060,2025-02-14 04:00:00,Da Nang,Vi dien tu
DH1987,KH370,May giat LG,Dien lanh,2,6324540,12649080,2025-11-08 17:00:00,Hanoi,Vi dien tu
DH1988,KH090,Noi com dien Cuckoo,Gia dung,4,2251901,9007604,2025-03-22 15:00:00,Hai Phong,Tien mat
DH1989,KH142,Ban phim co,Phu kien,3,912084,2736252,2025-07-13 16:00:00,Ho Chi Minh,Chuyen khoan
DH1990,KH166,May nuoc nong,Dien lanh,1,9047919,9047919,2025-01-27 21:00:00,Hanoi,The tin dung
DH1991,KH184,May xay sinh to,Gia dung,1,3700462,3700462,2025-04-15 17:00:00,Da Nang,Tien mat
DH1992,KH030,May nuoc nong,Dien lanh,1,17680602,17680602,2025-02-19 09:00:00,Nha Trang,Vi dien tu
DH1993,KH225,Sac du phong Anker,Phu kien,2,1719592,3439184,2025-08-17 13:00:00,Ho Chi Minh,Vi dien tu
DH1994,KH351,Ban phim co,Phu kien,1,304371,304371,2025-03-24 03:00:00,Da Nang,The tin dung
DH1995,KH049,Sac du phong Anker,Phu kien,2,1660659,3321318,2025-11-10 18:00:00,Da Nang,Vi dien tu
DH1996,KH398,Loa Bluetooth JBL,Thiet bi so,4,2433633,9734532,2025-12-29 02:00:00,Ho Chi Minh,Chuyen khoan
DH1997,KH182,Dieu hoa Daikin,Dien lanh,4,14833031,59332124,2025-11-24 01:00:00,Nha Trang,Tien mat
DH1998,KH018,Tu lanh Samsung,Dien lanh,2,11284749,22569498,2025-03-11 09:00:00,Can Tho,The tin dung
DH1999,KH243,May chieu Mini,Thiet bi so,2,594598,1189196,2025-01-06 15:00:00,Hai Phong,The tin dung
DH2000,KH252,Lo vi song Sharp,Gia dung,1,4782970,4782970,2025-11-24 04:00:00,Can Tho,Vi dien tu
DH2001,KH222,Lo vi song Sharp,Gia dung,3,4808976,14426928,2025-04-22 16:00:00,Hanoi,Tien mat
DH2002,KH059,Lo vi song Sharp,Gia dung,2,3153892,6307784,2025-07-02 22:00:00,Hanoi,Vi dien tu
DH2003,KH109,Tu lanh Samsung,Dien lanh,1,7594084,7594084,2025-06-26 05:00:00,Da Nang,The tin dung
DH2004,KH068,The nho 128GB,Phu kien,2,301893,603786,2025-10-04 08:00:00,Nha Trang,Chuyen khoan
DH2005,KH320,May giat LG,Dien lanh,4,7613124,30452496,2025-05-25 15:00:00,Ho Chi Minh,The tin dung
DH2006,KH296,Samsung Galaxy S24,Dien thoai - Laptop,2,20577567,41155134,2025-02-27 11:00:00,Can Tho,Vi dien tu
DH2007,KH285,Cap sac nhanh,Phu kien,3,636608,1909824,2025-09-14 09:00:00,Can Tho,Chuyen khoan
DH2008,KH149,Tu lanh Samsung,Dien lanh,4,9683301,38733204,2025-06-13 03:00:00,Nha Trang,Tien mat
DH2009,KH392,Lo vi song Sharp,Gia dung,3,2986518,8959554,2025-03-17 10:00:00,Ho Chi Minh,Vi dien tu
DH2010,KH259,May chieu Mini,Thiet bi so,1,1257327,1257327,2025-10-06 15:00:00,Can Tho,Tien mat
DH2011,KH314,Noi chien khong dau,Gia dung,1,1192590,1192590,2025-07-12 17:00:00,Ho Chi Minh,The tin dung
DH2012,KH149,MacBook Air M3,Dien thoai - Laptop,3,24168525,72505575,2025-10-17 16:00:00,Hanoi,The tin dung
DH2013,KH152,May xay sinh to,Gia dung,2,2267015,4534030,2025-08-20 05:00:00,Hai Phong,Vi dien tu
DH2014,KH348,May xay sinh to,Gia dung,2,4043709,8087418,2025-07-18 09:00:00,Hanoi,Tien mat
DH2015,KH013,Chuan tivi Xiaomi,Thiet bi so,2,1268601,2537202,2025-01-24 09:00:00,Can Tho,The tin dung
DH2016,KH247,Cam hanh trinh,Thiet bi so,2,2062609,4125218,2025-11-29 12:00:00,Can Tho,Vi dien tu
DH2017,KH243,Noi chien khong dau,Gia dung,2,4150302,8300604,2025-01-21 07:00:00,Hanoi,Vi dien tu
DH2018,KH333,Lo vi song Sharp,Gia dung,1,1834066,1834066,2025-07-26 17:00:00,Hai Phong,Vi dien tu
DH2019,KH311,Chuan tivi Xiaomi,Thiet bi so,4,2895399,11581596,2025-03-26 04:00:00,Hanoi,The tin dung
DH2020,KH026,Lo vi song Sharp,Gia dung,2,4482013,8964026,2025-06-06 10:00:00,Da Nang,Tien mat
DH2021,KH224,Chuan tivi Xiaomi,Thiet bi so,4,1028641,4114564,2025-12-13 03:00:00,Nha Trang,The tin dung
DH2022,KH346,Noi chien khong dau,Gia dung,1,3106658,3106658,2025-11-30 19:00:00,Hanoi,The tin dung
DH2023,KH391,Tu dong Sanaky,Dien lanh,2,16930095,33860190,2025-10-01 20:00:00,Ho Chi Minh,Tien mat
DH2024,KH053,MacBook Air M3,Dien thoai - Laptop,1,21003693,21003693,2025-06-07 02:00:00,Hai Phong,Chuyen khoan
DH2025,KH384,Dieu hoa Daikin,Dien lanh,1,9614381,9614381,2025-06-05 22:00:00,Nha Trang,Tien mat
DH2026,KH323,Ban phim co,Phu kien,4,1180656,4722624,2025-01-14 16:00:00,Hai Phong,Chuyen khoan
DH2027,KH074,MacBook Air M3,Dien thoai - Laptop,3,20374004,61122012,2025-10-28 22:00:00,Hanoi,The tin dung
DH2028,KH156,Tu lanh Samsung,Dien lanh,2,10688333,21376666,2025-01-04 05:00:00,Nha Trang,Chuyen khoan
DH2029,KH226,Loa Bluetooth JBL,Thiet bi so,4,1217758,4871032,2025-08-09 10:00:00,Hai Phong,Tien mat
DH2030,KH288,Tu lanh Samsung,Dien lanh,2,13525387,27050774,2025-12-01 23:00:00,Ho Chi Minh,The tin dung
DH2031,KH048,Chuan tivi Xiaomi,Thiet bi so,1,480366,480366,2025-06-30 02:00:00,Can Tho,Chuyen khoan
DH2032,KH129,Loa Bluetooth JBL,Thiet bi so,2,2533029,5066058,2025-08-17 14:00:00,Can Tho,Chuyen khoan
DH2033,KH399,Dieu hoa Daikin,Dien lanh,1,8697105,8697105,2025-04-21 15:00:00,Ho Chi Minh,Chuyen khoan
DH2034,KH268,May giat LG,Dien lanh,2,7494167,14988334,2025-03-22 15:00:00,Hai Phong,Chuyen khoan
DH2035,KH155,May hut bui Dyson,Gia dung,4,1433268,5733072,2025-03-29 09:00:00,Ho Chi Minh,Chuyen khoan
DH2036,KH162,May hut bui Dyson,Gia dung,1,4089864,4089864,2025-11-06 20:00:00,Hanoi,Tien mat
DH2037,KH147,Noi chien khong dau,Gia dung,4,4317076,17268304,2025-01-11 11:00:00,Can Tho,Chuyen khoan
DH2038,KH031,MacBook Air M3,Dien thoai - Laptop,4,19524875,78099500,2025-08-08 19:00:00,Hanoi,Tien mat
DH2039,KH374,May xay sinh to,Gia dung,1,1822506,1822506,2025-03-24 19:00:00,Hai Phong,Tien mat
DH2040,KH017,Dieu hoa Daikin,Dien lanh,4,14259777,57039108,2025-11-27 09:00:00,Hai Phong,The tin dung
DH2041,KH015,The nho 128GB,Phu kien,3,1896048,5688144,2025-09-06 12:00:00,Ho Chi Minh,Vi dien tu
DH2042,KH181,Cam hanh trinh,Thiet bi so,1,1881717,1881717,2025-03-04 05:00:00,Ho Chi Minh,Vi dien tu
DH2043,KH142,Dieu hoa Daikin,Dien lanh,4,14537807,58151228,2025-06-17 07:00:00,Da Nang,Chuyen khoan
DH2044,KH291,May xay sinh to,Gia dung,1,3913516,3913516,2025-10-06 02:00:00,Can Tho,Chuyen khoan
DH2045,KH251,iPad Pro,Dien thoai - Laptop,2,31271633,62543266,2025-03-03 23:00:00,Nha Trang,Chuyen khoan
DH2046,KH249,iPhone 15,Dien thoai - Laptop,4,26143443,104573772,2025-07-19 13:00:00,Ho Chi Minh,Vi dien tu
DH2047,KH007,May nuoc nong,Dien lanh,1,14937728,14937728,2025-03-05 06:00:00,Can Tho,Tien mat
DH2048,KH157,Sac du phong Anker,Phu kien,4,2456646,9826584,2025-02-04 04:00:00,Da Nang,Tien mat
DH2049,KH097,May hut bui Dyson,Gia dung,3,1925207,5775621,2025-07-02 23:00:00,Da Nang,The tin dung
DH2050,KH160,Chuan tivi Xiaomi,Thiet bi so,1,2130060,2130060,2025-12-29 08:00:00,Da Nang,Tien mat
DH2051,KH073,iPad Pro,Dien thoai - Laptop,1,21611669,21611669,2025-02-14 23:00:00,Can Tho,The tin dung
DH2052,KH162,Tai nghe Sony WH,Thiet bi so,1,1819643,1819643,2025-11-14 00:00:00,Da Nang,The tin dung
DH2053,KH229,Dieu hoa Daikin,Dien lanh,1,13654753,13654753,2025-09-19 02:00:00,Da Nang,Chuyen khoan
DH2054,KH261,May hut bui Dyson,Gia dung,2,2365062,4730124,2025-01-22 01:00:00,Hanoi,Tien mat
DH2055,KH296,Noi chien khong dau,Gia dung,4,3342630,13370520,2025-08-14 12:00:00,Da Nang,Vi dien tu
DH2056,KH206,iPhone 15,Dien thoai - Laptop,4,34650015,138600060,2025-04-28 20:00:00,Hai Phong,The tin dung
DH2057,KH212,MacBook Air M3,Dien thoai - Laptop,2,28459223,56918446,2025-08-14 02:00:00,Da Nang,Vi dien tu
DH2058,KH092,Loa Bluetooth JBL,Thiet bi so,4,1766307,7065228,2025-12-24 09:00:00,Ho Chi Minh,The tin dung
DH2059,KH379,Lo vi song Sharp,Gia dung,3,2573559,7720677,2025-09-06 09:00:00,Can Tho,Vi dien tu
DH2060,KH317,May xay sinh to,Gia dung,2,4234501,8469002,2025-05-15 12:00:00,Hai Phong,Tien mat
DH2061,KH081,Ban phim co,Phu kien,4,317269,1269076,2025-04-04 07:00:00,Da Nang,Chuyen khoan
DH2062,KH102,May hut bui Dyson,Gia dung,2,4602943,9205886,2025-04-23 18:00:00,Can Tho,Chuyen khoan
DH2063,KH317,Tu dong Sanaky,Dien lanh,3,13240028,39720084,2025-04-26 10:00:00,Can Tho,The tin dung
DH2064,KH095,Noi chien khong dau,Gia dung,1,3360624,3360624,2025-09-30 17:00:00,Nha Trang,Chuyen khoan
DH2065,KH030,Cap sac nhanh,Phu kien,1,323395,323395,2025-01-12 06:00:00,Hai Phong,Tien mat
DH2066,KH165,Samsung Galaxy S24,Dien thoai - Laptop,4,25932445,103729780,2025-10-11 23:00:00,Ho Chi Minh,Tien mat
DH2067,KH033,Tu lanh Samsung,Dien lanh,3,7307501,21922503,2025-01-10 11:00:00,Nha Trang,Chuyen khoan
DH2068,KH096,May hut bui Dyson,Gia dung,3,4633684,13901052,2025-09-21 01:00:00,Hanoi,Tien mat
DH2069,KH215,Samsung Galaxy S24,Dien thoai - Laptop,1,32956829,32956829,2025-04-15 03:00:00,Can Tho,The tin dung
DH2070,KH111,Loa Bluetooth JBL,Thiet bi so,3,237860,713580,2025-07-05 04:00:00,Can Tho,Chuyen khoan
DH2071,KH264,Tu lanh Samsung,Dien lanh,1,11688609,11688609,2025-10-20 17:00:00,Hanoi,Tien mat
DH2072,KH279,May xay sinh to,Gia dung,1,4040029,4040029,2025-05-10 12:00:00,Hai Phong,Tien mat
DH2073,KH158,iPad Pro,Dien thoai - Laptop,4,16438295,65753180,2025-10-17 16:00:00,Can Tho,Chuyen khoan
DH2074,KH257,Cap sac nhanh,Phu kien,2,2770807,5541614,2025-11-02 10:00:00,Ho Chi Minh,The tin dung
DH2075,KH119,The nho 128GB,Phu kien,4,578291,2313164,2025-10-07 06:00:00,Nha Trang,Tien mat
DH2076,KH206,May chieu Mini,Thiet bi so,4,2928422,11713688,2025-04-07 20:00:00,Can Tho,Tien mat
DH2077,KH091,Cam hanh trinh,Thiet bi so,2,217454,434908,2025-03-18 02:00:00,Da Nang,Vi dien tu
DH2078,KH243,Sac du phong Anker,Phu kien,1,1367176,1367176,2025-08-04 23:00:00,Can Tho,Tien mat
DH2079,KH161,Cap sac nhanh,Phu kien,4,2110593,8442372,2025-01-15 01:00:00,Nha Trang,Tien mat
DH2080,KH161,Chuan tivi Xiaomi,Thiet bi so,2,1425816,2851632,2025-09-11 05:00:00,Da Nang,Chuyen khoan
DH2081,KH223,iPhone 15,Dien thoai - Laptop,1,18164794,18164794,2025-01-20 06:00:00,Hanoi,The tin dung
DH2082,KH214,Noi com dien Cuckoo,Gia dung,4,1071010,4284040,2025-05-09 03:00:00,Ho Chi Minh,Tien mat
DH2083,KH155,Samsung Galaxy S24,Dien thoai - Laptop,2,28531862,57063724,2025-10-10 15:00:00,Hanoi,Chuyen khoan
DH2084,KH227,Ban phim co,Phu kien,4,1838943,7355772,2025-01-17 06:00:00,Hai Phong,The tin dung
DH2085,KH182,Dieu hoa Daikin,Dien lanh,1,14222876,14222876,2025-12-27 22:00:00,Hai Phong,Vi dien tu
DH2086,KH077,Chuot khong day Logitech,Phu kien,2,2326063,4652126,2025-01-25 23:00:00,Da Nang,The tin dung
DH2087,KH005,May giat LG,Dien lanh,2,16616754,33233508,2025-02-06 03:00:00,Ho Chi Minh,Vi dien tu
DH2088,KH048,Lo vi song Sharp,Gia dung,3,3722944,11168832,2025-07-27 14:00:00,Hai Phong,Tien mat
DH2089,KH095,MacBook Air M3,Dien thoai - Laptop,1,31049906,31049906,2025-03-15 08:00:00,Da Nang,Vi dien tu
DH2090,KH054,Tu dong Sanaky,Dien lanh,4,11818838,47275352,2025-05-20 04:00:00,Ho Chi Minh,The tin dung
DH2091,KH317,Dieu hoa Daikin,Dien lanh,2,17103175,34206350,2025-06-18 02:00:00,Hai Phong,Vi dien tu
DH2092,KH036,Tu lanh Samsung,Dien lanh,3,11009335,33028005,2025-08-07 20:00:00,Can Tho,Vi dien tu
DH2093,KH006,The nho 128GB,Phu kien,2,1671615,3343230,2025-06-20 12:00:00,Can Tho,The tin dung
DH2094,KH020,MacBook Air M3,Dien thoai - Laptop,4,23829121,95316484,2025-12-28 05:00:00,Can Tho,Vi dien tu
DH2095,KH158,Cam hanh trinh,Thiet bi so,2,2650633,5301266,2025-01-02 20:00:00,Hanoi,The tin dung
DH2096,KH396,Tai nghe Sony WH,Thiet bi so,1,908781,908781,2025-12-24 12:00:00,Da Nang,Vi dien tu
DH2097,KH331,Cam hanh trinh,Thiet bi so,1,1416295,1416295,2025-04-21 07:00:00,Hanoi,Chuyen khoan
DH2098,KH353,Dieu hoa Daikin,Dien lanh,2,13321094,26642188,2025-10-02 08:00:00,Da Nang,Chuyen khoan
DH2099,KH166,May hut bui Dyson,Gia dung,4,2231648,8926592,2025-07-20 12:00:00,Hanoi,Tien mat
DH2100,KH381,May giat LG,Dien lanh,4,8791383,35165532,2025-05-01 13:00:00,Hanoi,Chuyen khoan
DH2101,KH135,Loa Bluetooth JBL,Thiet bi so,1,1119007,1119007,2025-09-09 16:00:00,Da Nang,Vi dien tu
DH2102,KH238,Ban phim co,Phu kien,3,728959,2186877,2025-05-29 02:00:00,Nha Trang,Tien mat
DH2103,KH074,May hut bui Dyson,Gia dung,2,4326838,8653676,2025-06-17 17:00:00,Ho Chi Minh,The tin dung
DH2104,KH263,Tai nghe Sony WH,Thiet bi so,1,217395,217395,2025-06-22 15:00:00,Ho Chi Minh,Tien mat
DH2105,KH005,Cap sac nhanh,Phu kien,2,2861113,5722226,2025-11-10 21:00:00,Ho Chi Minh,The tin dung
DH2106,KH194,iPhone 15,Dien thoai - Laptop,4,19388896,77555584,2025-06-05 09:00:00,Can Tho,Chuyen khoan
DH2107,KH070,Cap sac nhanh,Phu kien,3,2625623,7876869,2025-06-13 07:00:00,Nha Trang,Vi dien tu
DH2108,KH107,May giat LG,Dien lanh,2,15278991,30557982,2025-11-21 06:00:00,Hanoi,Tien mat
DH2109,KH200,May nuoc nong,Dien lanh,2,16997235,33994470,2025-11-23 19:00:00,Ho Chi Minh,Tien mat
DH2110,KH046,Laptop Asus ROG,Dien thoai - Laptop,1,22387487,22387487,2025-02-25 01:00:00,Ho Chi Minh,Tien mat
DH2111,KH160,May giat LG,Dien lanh,1,9164670,9164670,2025-12-03 08:00:00,Da Nang,Tien mat
DH2112,KH246,Tai nghe Sony WH,Thiet bi so,2,2373500,4747000,2025-05-12 22:00:00,Hanoi,The tin dung
DH2113,KH104,Laptop Asus ROG,Dien thoai - Laptop,1,24624337,24624337,2025-05-07 09:00:00,Ho Chi Minh,Vi dien tu
DH2114,KH289,Noi chien khong dau,Gia dung,2,4382715,8765430,2025-12-02 18:00:00,Da Nang,Vi dien tu
DH2115,KH029,Chuan tivi Xiaomi,Thiet bi so,1,2668896,2668896,2025-05-26 00:00:00,Can Tho,Tien mat
DH2116,KH219,Lo vi song Sharp,Gia dung,3,1604480,4813440,2025-03-29 09:00:00,Nha Trang,Vi dien tu
DH2117,KH273,Cam hanh trinh,Thiet bi so,1,1318412,1318412,2025-06-23 01:00:00,Da Nang,Chuyen khoan
DH2118,KH064,Dieu hoa Daikin,Dien lanh,1,15921899,15921899,2025-11-16 08:00:00,Hanoi,Vi dien tu
DH2119,KH111,Laptop Asus ROG,Dien thoai - Laptop,3,25249935,75749805,2025-04-13 12:00:00,Can Tho,Tien mat
DH2120,KH137,May xay sinh to,Gia dung,3,2073596,6220788,2025-10-28 07:00:00,Can Tho,Tien mat
DH2121,KH325,May chieu Mini,Thiet bi so,4,249294,997176,2025-07-19 16:00:00,Nha Trang,Vi dien tu
DH2122,KH255,Loa Bluetooth JBL,Thiet bi so,4,1701495,6805980,2025-05-11 12:00:00,Hanoi,The tin dung
DH2123,KH399,Tai nghe Sony WH,Thiet bi so,3,947484,2842452,2025-07-09 15:00:00,Ho Chi Minh,Chuyen khoan
DH2124,KH026,Cap sac nhanh,Phu kien,2,2349677,4699354,2025-09-02 20:00:00,Da Nang,Tien mat
DH2125,KH198,iPad Pro,Dien thoai - Laptop,4,18483610,73934440,2025-05-11 19:00:00,Hanoi,Vi dien tu
DH2126,KH248,Samsung Galaxy S24,Dien thoai - Laptop,1,23959164,23959164,2025-09-30 08:00:00,Ho Chi Minh,Chuyen khoan
DH2127,KH108,Cap sac nhanh,Phu kien,2,1121227,2242454,2025-07-16 03:00:00,Hanoi,The tin dung
DH2128,KH151,Ban phim co,Phu kien,2,2949110,5898220,2025-09-15 19:00:00,Can Tho,Vi dien tu
DH2129,KH021,May chieu Mini,Thiet bi so,2,2379413,4758826,2025-10-12 01:00:00,Nha Trang,The tin dung
DH2130,KH105,Sac du phong Anker,Phu kien,2,1274379,2548758,2025-08-08 10:00:00,Hanoi,Vi dien tu
DH2131,KH097,Loa Bluetooth JBL,Thiet bi so,3,1412703,4238109,2025-01-10 16:00:00,Da Nang,The tin dung
DH2132,KH359,iPhone 15,Dien thoai - Laptop,1,22401735,22401735,2025-05-06 05:00:00,Hai Phong,The tin dung
DH2133,KH160,Noi com dien Cuckoo,Gia dung,3,4583702,13751106,2025-02-16 08:00:00,Ho Chi Minh,Vi dien tu
DH2134,KH264,Noi com dien Cuckoo,Gia dung,2,3275499,6550998,2025-04-21 01:00:00,Hanoi,Chuyen khoan
DH2135,KH068,Cam hanh trinh,Thiet bi so,4,351638,1406552,2025-06-24 03:00:00,Ho Chi Minh,Tien mat
DH2136,KH173,Sac du phong Anker,Phu kien,2,902174,1804348,2025-03-28 20:00:00,Da Nang,Vi dien tu
DH2137,KH275,May hut bui Dyson,Gia dung,1,3395408,3395408,2025-07-04 06:00:00,Da Nang,Chuyen khoan
DH2138,KH129,Loa Bluetooth JBL,Thiet bi so,4,460846,1843384,2025-04-23 10:00:00,Da Nang,The tin dung
DH2139,KH382,Chuot khong day Logitech,Phu kien,3,2376981,7130943,2025-11-23 22:00:00,Da Nang,The tin dung
DH2140,KH064,Sac du phong Anker,Phu kien,1,1427948,1427948,2025-03-26 16:00:00,Nha Trang,Tien mat
DH2141,KH121,May hut bui Dyson,Gia dung,1,3511792,3511792,2025-07-14 09:00:00,Hai Phong,Vi dien tu
DH2142,KH169,iPhone 15,Dien thoai - Laptop,4,22260691,89042764,2025-08-08 08:00:00,Hai Phong,Tien mat
DH2143,KH097,Tu dong Sanaky,Dien lanh,4,12011562,48046248,2025-01-23 09:00:00,Can Tho,Chuyen khoan
DH2144,KH369,May chieu Mini,Thiet bi so,2,2733039,5466078,2025-09-08 07:00:00,Nha Trang,Tien mat
DH2145,KH357,May hut bui Dyson,Gia dung,4,2475239,9900956,2025-02-08 06:00:00,Hai Phong,Vi dien tu
DH2146,KH239,Noi chien khong dau,Gia dung,2,2962743,5925486,2025-11-15 22:00:00,Hanoi,Chuyen khoan
DH2147,KH357,Noi com dien Cuckoo,Gia dung,3,3735879,11207637,2025-04-15 04:00:00,Da Nang,Chuyen khoan
DH2148,KH092,May chieu Mini,Thiet bi so,4,910848,3643392,2025-09-27 12:00:00,Can Tho,The tin dung
DH2149,KH002,Samsung Galaxy S24,Dien thoai - Laptop,2,29976693,59953386,2025-05-30 18:00:00,Hanoi,Tien mat
DH2150,KH360,May nuoc nong,Dien lanh,3,14770541,44311623,2025-05-17 06:00:00,Da Nang,Chuyen khoan
DH2151,KH002,May nuoc nong,Dien lanh,3,11858381,35575143,2025-10-29 00:00:00,Nha Trang,Tien mat
DH2152,KH017,Laptop Asus ROG,Dien thoai - Laptop,2,29043117,58086234,2025-09-01 12:00:00,Hai Phong,The tin dung
DH2153,KH119,Tu dong Sanaky,Dien lanh,2,16629693,33259386,2025-08-01 03:00:00,Hai Phong,Tien mat
DH2154,KH173,May xay sinh to,Gia dung,1,1020063,1020063,2025-01-24 15:00:00,Nha Trang,Tien mat
DH2155,KH150,Tai nghe Sony WH,Thiet bi so,1,1480672,1480672,2025-04-01 17:00:00,Can Tho,Vi dien tu
DH2156,KH175,Chuot khong day Logitech,Phu kien,2,1084066,2168132,2025-09-28 06:00:00,Can Tho,Chuyen khoan
DH2157,KH377,Tu dong Sanaky,Dien lanh,2,15977869,31955738,2025-09-20 17:00:00,Ho Chi Minh,Tien mat
DH2158,KH231,MacBook Air M3,Dien thoai - Laptop,3,21631566,64894698,2025-07-06 10:00:00,Nha Trang,The tin dung
DH2159,KH349,Loa Bluetooth JBL,Thiet bi so,2,1310401,2620802,2025-04-29 02:00:00,Hai Phong,Vi dien tu
DH2160,KH344,Lo vi song Sharp,Gia dung,3,4854236,14562708,2025-08-02 13:00:00,Hai Phong,Tien mat
DH2161,KH301,May hut bui Dyson,Gia dung,3,4841275,14523825,2025-09-22 02:00:00,Da Nang,The tin dung
DH2162,KH394,May xay sinh to,Gia dung,1,3610029,3610029,2025-11-13 01:00:00,Ho Chi Minh,Tien mat
DH2163,KH044,May chieu Mini,Thiet bi so,3,2519659,7558977,2025-11-17 23:00:00,Can Tho,Vi dien tu
DH2164,KH334,The nho 128GB,Phu kien,1,1961829,1961829,2025-08-22 16:00:00,Can Tho,Tien mat
DH2165,KH099,Tu lanh Samsung,Dien lanh,4,6078431,24313724,2025-05-05 11:00:00,Ho Chi Minh,The tin dung
DH2166,KH261,May chieu Mini,Thiet bi so,4,237513,950052,2025-03-31 01:00:00,Da Nang,Chuyen khoan
DH2167,KH182,iPad Pro,Dien thoai - Laptop,1,26858453,26858453,2025-08-12 05:00:00,Da Nang,Chuyen khoan
DH2168,KH014,Tu dong Sanaky,Dien lanh,2,8862695,17725390,2025-09-07 13:00:00,Nha Trang,The tin dung
DH2169,KH137,Noi com dien Cuckoo,Gia dung,3,1053860,3161580,2025-09-28 10:00:00,Hanoi,Tien mat
DH2170,KH031,Chuan tivi Xiaomi,Thiet bi so,2,2260703,4521406,2025-07-07 07:00:00,Hai Phong,Vi dien tu
DH2171,KH112,Cap sac nhanh,Phu kien,3,2685857,8057571,2025-10-12 07:00:00,Hai Phong,Vi dien tu
DH2172,KH226,Noi com dien Cuckoo,Gia dung,2,3626716,7253432,2025-07-30 20:00:00,Da Nang,The tin dung
DH2173,KH071,Tu lanh Samsung,Dien lanh,4,11925254,47701016,2025-07-14 18:00:00,Nha Trang,Vi dien tu
DH2174,KH367,Ban phim co,Phu kien,1,1019714,1019714,2025-04-09 07:00:00,Hai Phong,Tien mat
DH2175,KH316,Tu dong Sanaky,Dien lanh,1,10933358,10933358,2025-12-07 01:00:00,Hai Phong,Tien mat
DH2176,KH295,Noi com dien Cuckoo,Gia dung,3,3860421,11581263,2025-06-11 11:00:00,Da Nang,Tien mat
DH2177,KH185,Tu lanh Samsung,Dien lanh,4,11516287,46065148,2025-03-06 10:00:00,Can Tho,Chuyen khoan
DH2178,KH335,Lo vi song Sharp,Gia dung,4,4082242,16328968,2025-08-31 12:00:00,Hanoi,The tin dung
DH2179,KH065,Chuot khong day Logitech,Phu kien,4,1279017,5116068,2025-01-31 23:00:00,Ho Chi Minh,Chuyen khoan
DH2180,KH002,MacBook Air M3,Dien thoai - Laptop,1,21264987,21264987,2025-01-07 17:00:00,Nha Trang,The tin dung
DH2181,KH377,Cam hanh trinh,Thiet bi so,1,2336667,2336667,2025-03-13 22:00:00,Hai Phong,Chuyen khoan
DH2182,KH195,The nho 128GB,Phu kien,1,506516,506516,2025-09-16 01:00:00,Da Nang,Tien mat
DH2183,KH320,Cap sac nhanh,Phu kien,4,1834115,7336460,2025-07-24 23:00:00,Nha Trang,The tin dung
DH2184,KH207,Chuot khong day Logitech,Phu kien,2,476867,953734,2025-06-07 04:00:00,Hai Phong,Vi dien tu
DH2185,KH292,Samsung Galaxy S24,Dien thoai - Laptop,4,25202527,100810108,2025-06-07 17:00:00,Nha Trang,Chuyen khoan
DH2186,KH267,May nuoc nong,Dien lanh,4,8583610,34334440,2025-03-19 02:00:00,Can Tho,Chuyen khoan
DH2187,KH310,Tu lanh Samsung,Dien lanh,4,12474033,49896132,2025-01-08 13:00:00,Hai Phong,Chuyen khoan
DH2188,KH035,Noi com dien Cuckoo,Gia dung,1,2835289,2835289,2025-12-01 17:00:00,Da Nang,Chuyen khoan
DH2189,KH137,MacBook Air M3,Dien thoai - Laptop,3,23519931,70559793,2025-09-24 10:00:00,Hanoi,Vi dien tu
DH2190,KH149,Laptop Asus ROG,Dien thoai - Laptop,2,25987389,51974778,2025-01-04 20:00:00,Hanoi,Chuyen khoan
DH2191,KH349,Chuot khong day Logitech,Phu kien,3,1616613,4849839,2025-12-10 14:00:00,Hai Phong,Tien mat
DH2192,KH045,Lo vi song Sharp,Gia dung,1,2092165,2092165,2025-05-10 10:00:00,Hai Phong,Vi dien tu
DH2193,KH227,The nho 128GB,Phu kien,2,1777542,3555084,2025-02-20 11:00:00,Can Tho,Tien mat
DH2194,KH037,Lo vi song Sharp,Gia dung,2,3493735,6987470,2025-05-16 23:00:00,Ho Chi Minh,Chuyen khoan
DH2195,KH283,Tai nghe Sony WH,Thiet bi so,4,1997863,7991452,2025-08-02 23:00:00,Hai Phong,Tien mat
DH2196,KH370,Tai nghe Sony WH,Thiet bi so,4,2090232,8360928,2025-02-18 03:00:00,Hanoi,The tin dung
DH2197,KH089,MacBook Air M3,Dien thoai - Laptop,3,29074975,87224925,2025-02-04 21:00:00,Hai Phong,Tien mat
DH2198,KH064,May chieu Mini,Thiet bi so,2,274028,548056,2025-12-14 09:00:00,Da Nang,Vi dien tu
DH2199,KH286,Noi com dien Cuckoo,Gia dung,1,4183046,4183046,2025-05-15 04:00:00,Hanoi,Vi dien tu
DH2200,KH131,May chieu Mini,Thiet bi so,1,1123477,1123477,2025-07-13 23:00:00,Nha Trang,Tien mat
DH2201,KH245,Chuan tivi Xiaomi,Thiet bi so,1,2935578,2935578,2025-10-11 12:00:00,Da Nang,Tien mat
DH2202,KH155,Tai nghe Sony WH,Thiet bi so,1,1405398,1405398,2025-10-23 20:00:00,Hai Phong,Vi dien tu
DH2203,KH080,The nho 128GB,Phu kien,4,1461888,5847552,2025-05-15 18:00:00,Da Nang,Chuyen khoan
DH2204,KH206,Loa Bluetooth JBL,Thiet bi so,3,985484,2956452,2025-09-05 02:00:00,Da Nang,Chuyen khoan
DH2205,KH211,Laptop Asus ROG,Dien thoai - Laptop,3,31945861,95837583,2025-12-27 20:00:00,Da Nang,The tin dung
DH2206,KH289,The nho 128GB,Phu kien,4,1399164,5596656,2025-11-30 19:00:00,Hanoi,Vi dien tu
DH2207,KH065,Ban phim co,Phu kien,1,2610637,2610637,2025-09-28 13:00:00,Ho Chi Minh,Vi dien tu
DH2208,KH150,Tu dong Sanaky,Dien lanh,1,9049540,9049540,2025-02-23 17:00:00,Hai Phong,Tien mat
DH2209,KH050,Tai nghe Sony WH,Thiet bi so,2,2547229,5094458,2025-12-05 00:00:00,Nha Trang,Tien mat
DH2210,KH252,May hut bui Dyson,Gia dung,3,3768924,11306772,2025-11-02 10:00:00,Da Nang,The tin dung
DH2211,KH387,Cap sac nhanh,Phu kien,3,2976119,8928357,2025-01-05 16:00:00,Can Tho,Tien mat
DH2212,KH011,Sac du phong Anker,Phu kien,2,2125553,4251106,2025-06-10 12:00:00,Hanoi,Vi dien tu
DH2213,KH083,iPhone 15,Dien thoai - Laptop,4,19204391,76817564,2025-02-27 03:00:00,Hanoi,Tien mat
DH2214,KH082,Chuan tivi Xiaomi,Thiet bi so,4,363503,1454012,2025-03-15 08:00:00,Can Tho,Chuyen khoan
DH2215,KH317,iPad Pro,Dien thoai - Laptop,2,21420078,42840156,2025-03-07 11:00:00,Hai Phong,Vi dien tu
DH2216,KH346,Chuan tivi Xiaomi,Thiet bi so,3,1262929,3788787,2025-07-30 08:00:00,Nha Trang,Tien mat
DH2217,KH019,Chuan tivi Xiaomi,Thiet bi so,3,2855033,8565099,2025-12-13 03:00:00,Can Tho,The tin dung
DH2218,KH070,May hut bui Dyson,Gia dung,4,1162543,4650172,2025-05-12 03:00:00,Nha Trang,The tin dung
DH2219,KH168,Noi chien khong dau,Gia dung,3,4031335,12094005,2025-02-28 17:00:00,Hai Phong,Chuyen khoan
DH2220,KH145,Noi com dien Cuckoo,Gia dung,2,2097917,4195834,2025-11-22 16:00:00,Da Nang,Tien mat
DH2221,KH114,May hut bui Dyson,Gia dung,4,3795348,15181392,2025-02-22 09:00:00,Hanoi,The tin dung
DH2222,KH390,Tai nghe Sony WH,Thiet bi so,1,1830592,1830592,2025-07-09 00:00:00,Nha Trang,The tin dung
DH2223,KH076,May nuoc nong,Dien lanh,4,11890551,47562204,2025-10-04 19:00:00,Da Nang,Tien mat
DH2224,KH082,Ban phim co,Phu kien,4,2463984,9855936,2025-08-23 15:00:00,Can Tho,The tin dung
DH2225,KH150,iPad Pro,Dien thoai - Laptop,4,15352217,61408868,2025-07-07 22:00:00,Hanoi,Vi dien tu
DH2226,KH074,Tai nghe Sony WH,Thiet bi so,1,574287,574287,2025-12-18 15:00:00,Can Tho,Vi dien tu
DH2227,KH107,The nho 128GB,Phu kien,3,1188345,3565035,2025-06-08 08:00:00,Hanoi,Chuyen khoan
DH2228,KH141,Laptop Asus ROG,Dien thoai - Laptop,2,25327185,50654370,2025-11-26 05:00:00,Ho Chi Minh,The tin dung
DH2229,KH396,May giat LG,Dien lanh,2,11744745,23489490,2025-12-25 13:00:00,Hanoi,Chuyen khoan
DH2230,KH188,Noi chien khong dau,Gia dung,4,1649271,6597084,2025-07-30 05:00:00,Da Nang,The tin dung
DH2231,KH258,Lo vi song Sharp,Gia dung,3,2184801,6554403,2025-05-02 19:00:00,Hai Phong,Chuyen khoan
DH2232,KH146,iPad Pro,Dien thoai - Laptop,1,16659224,16659224,2025-08-28 11:00:00,Can Tho,Vi dien tu
DH2233,KH060,May hut bui Dyson,Gia dung,1,4835800,4835800,2025-02-26 15:00:00,Hai Phong,Chuyen khoan
DH2234,KH298,iPhone 15,Dien thoai - Laptop,3,27524406,82573218,2025-02-25 09:00:00,Hai Phong,Tien mat
DH2235,KH271,May hut bui Dyson,Gia dung,1,2688661,2688661,2025-07-02 17:00:00,Can Tho,Chuyen khoan
DH2236,KH053,Noi chien khong dau,Gia dung,1,2852089,2852089,2025-03-06 04:00:00,Ho Chi Minh,Vi dien tu
DH2237,KH118,May hut bui Dyson,Gia dung,2,1750641,3501282,2025-02-09 17:00:00,Ho Chi Minh,Chuyen khoan
DH2238,KH185,Lo vi song Sharp,Gia dung,4,4436964,17747856,2025-11-11 20:00:00,Ho Chi Minh,Chuyen khoan
DH2239,KH011,May nuoc nong,Dien lanh,4,15909987,63639948,2025-09-17 02:00:00,Da Nang,The tin dung
DH2240,KH163,Tu dong Sanaky,Dien lanh,3,12581082,37743246,2025-04-21 20:00:00,Da Nang,The tin dung
DH2241,KH390,Sac du phong Anker,Phu kien,1,357932,357932,2025-12-13 16:00:00,Da Nang,Tien mat
DH2242,KH400,Samsung Galaxy S24,Dien thoai - Laptop,3,23769406,71308218,2025-08-18 23:00:00,Nha Trang,Tien mat
DH2243,KH316,Noi chien khong dau,Gia dung,3,4778821,14336463,2025-06-06 23:00:00,Nha Trang,Vi dien tu
DH2244,KH292,May xay sinh to,Gia dung,3,4851114,14553342,2025-09-28 05:00:00,Nha Trang,The tin dung
DH2245,KH047,Laptop Asus ROG,Dien thoai - Laptop,3,18670570,56011710,2025-10-21 14:00:00,Nha Trang,Chuyen khoan
DH2246,KH134,Laptop Asus ROG,Dien thoai - Laptop,1,21096737,21096737,2025-02-19 13:00:00,Can Tho,Tien mat
DH2247,KH335,MacBook Air M3,Dien thoai - Laptop,3,32532757,97598271,2025-02-14 06:00:00,Nha Trang,Tien mat
DH2248,KH179,Cam hanh trinh,Thiet bi so,3,1614800,4844400,2025-04-04 12:00:00,Nha Trang,The tin dung
DH2249,KH075,iPhone 15,Dien thoai - Laptop,3,15370727,46112181,2025-06-24 12:00:00,Nha Trang,Chuyen khoan
DH2250,KH044,iPhone 15,Dien thoai - Laptop,4,19521061,78084244,2025-07-18 00:00:00,Ho Chi Minh,Chuyen khoan
DH2251,KH045,Laptop Asus ROG,Dien thoai - Laptop,4,27659008,110636032,2025-01-24 03:00:00,Hanoi,Tien mat
DH2252,KH157,Laptop Asus ROG,Dien thoai - Laptop,1,15705388,15705388,2025-07-26 03:00:00,Ho Chi Minh,Tien mat
DH2253,KH203,Laptop Asus ROG,Dien thoai - Laptop,2,29842579,59685158,2025-07-09 07:00:00,Can Tho,Chuyen khoan
DH2254,KH359,Noi chien khong dau,Gia dung,4,4829291,19317164,2025-10-19 23:00:00,Da Nang,Chuyen khoan
DH2255,KH328,Noi chien khong dau,Gia dung,2,2875368,5750736,2025-10-02 10:00:00,Nha Trang,Chuyen khoan
DH2256,KH282,May nuoc nong,Dien lanh,3,7159078,21477234,2025-01-20 02:00:00,Nha Trang,Vi dien tu
DH2257,KH013,Tu dong Sanaky,Dien lanh,4,14764723,59058892,2025-08-04 09:00:00,Hai Phong,Vi dien tu
DH2258,KH006,Tu lanh Samsung,Dien lanh,2,8323357,16646714,2025-10-13 14:00:00,Nha Trang,Tien mat
DH2259,KH177,MacBook Air M3,Dien thoai - Laptop,2,19787502,39575004,2025-12-15 11:00:00,Can Tho,Vi dien tu
DH2260,KH287,Chuan tivi Xiaomi,Thiet bi so,3,2867706,8603118,2025-04-16 02:00:00,Can Tho,The tin dung
DH2261,KH240,Dieu hoa Daikin,Dien lanh,2,13107516,26215032,2025-09-15 12:00:00,Hai Phong,The tin dung
DH2262,KH193,Laptop Asus ROG,Dien thoai - Laptop,2,31211779,62423558,2025-04-24 21:00:00,Nha Trang,Tien mat
DH2263,KH106,Noi com dien Cuckoo,Gia dung,4,1562675,6250700,2025-02-07 04:00:00,Hai Phong,Chuyen khoan
DH2264,KH112,Tu lanh Samsung,Dien lanh,1,7720048,7720048,2025-08-18 03:00:00,Da Nang,Chuyen khoan
DH2265,KH399,iPad Pro,Dien thoai - Laptop,1,25108244,25108244,2025-04-15 04:00:00,Da Nang,Chuyen khoan
DH2266,KH210,Lo vi song Sharp,Gia dung,3,2547054,7641162,2025-09-02 05:00:00,Da Nang,Chuyen khoan
DH2267,KH359,May chieu Mini,Thiet bi so,4,1588212,6352848,2025-07-05 17:00:00,Nha Trang,Tien mat
DH2268,KH199,Loa Bluetooth JBL,Thiet bi so,4,1173588,4694352,2025-12-11 16:00:00,Nha Trang,Chuyen khoan
DH2269,KH376,May nuoc nong,Dien lanh,2,7163607,14327214,2025-10-09 01:00:00,Hai Phong,Chuyen khoan
DH2270,KH381,Dieu hoa Daikin,Dien lanh,4,6530732,26122928,2025-09-06 12:00:00,Nha Trang,Chuyen khoan
DH2271,KH311,Tu dong Sanaky,Dien lanh,3,17441503,52324509,2025-10-02 10:00:00,Can Tho,Chuyen khoan
DH2272,KH396,Chuan tivi Xiaomi,Thiet bi so,2,244628,489256,2025-10-19 07:00:00,Da Nang,The tin dung
DH2273,KH096,Samsung Galaxy S24,Dien thoai - Laptop,3,15060728,45182184,2025-04-13 08:00:00,Da Nang,Vi dien tu
DH2274,KH303,May xay sinh to,Gia dung,1,3935930,3935930,2025-07-12 03:00:00,Hai Phong,Tien mat
DH2275,KH124,Chuot khong day Logitech,Phu kien,3,701354,2104062,2025-04-06 08:00:00,Hai Phong,The tin dung
DH2276,KH095,Chuot khong day Logitech,Phu kien,2,2007329,4014658,2025-11-04 14:00:00,Da Nang,The tin dung
DH2277,KH255,Loa Bluetooth JBL,Thiet bi so,4,1799694,7198776,2025-10-30 21:00:00,Ho Chi Minh,The tin dung
DH2278,KH109,iPhone 15,Dien thoai - Laptop,2,24830462,49660924,2025-02-02 15:00:00,Hanoi,Vi dien tu
DH2279,KH265,Cap sac nhanh,Phu kien,1,240963,240963,2025-01-25 19:00:00,Nha Trang,Chuyen khoan
DH2280,KH060,iPad Pro,Dien thoai - Laptop,4,16114536,64458144,2025-09-24 15:00:00,Hai Phong,Vi dien tu
DH2281,KH030,Chuan tivi Xiaomi,Thiet bi so,1,1222848,1222848,2025-02-15 14:00:00,Hai Phong,Vi dien tu
DH2282,KH278,May xay sinh to,Gia dung,3,4191521,12574563,2025-08-11 01:00:00,Can Tho,Vi dien tu
DH2283,KH292,Noi chien khong dau,Gia dung,2,2303374,4606748,2025-10-09 05:00:00,Ho Chi Minh,Vi dien tu
DH2284,KH037,Dieu hoa Daikin,Dien lanh,4,11381132,45524528,2025-02-09 11:00:00,Can Tho,Tien mat
DH2285,KH275,MacBook Air M3,Dien thoai - Laptop,3,27604385,82813155,2025-01-28 20:00:00,Da Nang,Vi dien tu
DH2286,KH132,Ban phim co,Phu kien,4,202713,810852,2025-09-21 07:00:00,Nha Trang,Chuyen khoan
DH2287,KH063,Noi chien khong dau,Gia dung,2,4426545,8853090,2025-05-20 03:00:00,Hai Phong,Tien mat
DH2288,KH230,Chuan tivi Xiaomi,Thiet bi so,4,454763,1819052,2025-02-12 20:00:00,Can Tho,The tin dung
DH2289,KH043,Chuot khong day Logitech,Phu kien,2,2421535,4843070,2025-03-20 13:00:00,Ho Chi Minh,Tien mat
DH2290,KH305,Cap sac nhanh,Phu kien,3,1406753,4220259,2025-02-05 22:00:00,Da Nang,Tien mat
DH2291,KH118,Cam hanh trinh,Thiet bi so,4,438443,1753772,2025-12-05 12:00:00,Da Nang,Tien mat
DH2292,KH281,May xay sinh to,Gia dung,1,2580505,2580505,2025-01-02 10:00:00,Hanoi,Chuyen khoan
DH2293,KH274,May nuoc nong,Dien lanh,2,11758115,23516230,2025-08-26 14:00:00,Hanoi,The tin dung
DH2294,KH073,May nuoc nong,Dien lanh,1,15608550,15608550,2025-02-16 07:00:00,Nha Trang,Vi dien tu
DH2295,KH047,Ban phim co,Phu kien,4,2079292,8317168,2025-05-08 20:00:00,Da Nang,Chuyen khoan
DH2296,KH206,May nuoc nong,Dien lanh,3,15174837,45524511,2025-06-30 10:00:00,Can Tho,The tin dung
DH2297,KH270,Noi chien khong dau,Gia dung,4,3081726,12326904,2025-07-01 12:00:00,Hanoi,Chuyen khoan
DH2298,KH090,Tu dong Sanaky,Dien lanh,2,13092410,26184820,2025-11-15 11:00:00,Ho Chi Minh,Vi dien tu
DH2299,KH281,iPad Pro,Dien thoai - Laptop,2,16748800,33497600,2025-02-01 16:00:00,Da Nang,The tin dung
DH2300,KH162,Tai nghe Sony WH,Thiet bi so,3,1797755,5393265,2025-07-15 16:00:00,Nha Trang,Chuyen khoan
DH2301,KH028,Lo vi song Sharp,Gia dung,4,2623279,10493116,2025-12-31 05:00:00,Hai Phong,The tin dung
DH2302,KH322,Ban phim co,Phu kien,4,2063779,8255116,2025-05-03 07:00:00,Ho Chi Minh,The tin dung
DH2303,KH325,Laptop Asus ROG,Dien thoai - Laptop,1,16394731,16394731,2025-11-14 10:00:00,Da Nang,The tin dung
DH2304,KH188,Samsung Galaxy S24,Dien thoai - Laptop,4,24543872,98175488,2025-03-06 03:00:00,Hai Phong,The tin dung
DH2305,KH097,MacBook Air M3,Dien thoai - Laptop,1,18907601,18907601,2025-01-30 09:00:00,Hai Phong,Tien mat
DH2306,KH398,May xay sinh to,Gia dung,4,4565286,18261144,2025-09-10 03:00:00,Ho Chi Minh,Vi dien tu
DH2307,KH392,May nuoc nong,Dien lanh,2,15919816,31839632,2025-01-17 01:00:00,Hanoi,Vi dien tu
DH2308,KH363,Lo vi song Sharp,Gia dung,1,1474817,1474817,2025-05-01 20:00:00,Nha Trang,Chuyen khoan
DH2309,KH037,Cam hanh trinh,Thiet bi so,2,2870619,5741238,2025-04-20 23:00:00,Hanoi,Vi dien tu
DH2310,KH329,The nho 128GB,Phu kien,2,1164177,2328354,2025-07-28 06:00:00,Can Tho,The tin dung
DH2311,KH319,May xay sinh to,Gia dung,4,4431797,17727188,2025-10-06 21:00:00,Can Tho,Vi dien tu
DH2312,KH068,Noi com dien Cuckoo,Gia dung,1,4200710,4200710,2025-03-15 15:00:00,Da Nang,Chuyen khoan
DH2313,KH004,Cap sac nhanh,Phu kien,3,293596,880788,2025-09-08 16:00:00,Hanoi,The tin dung
DH2314,KH008,Chuot khong day Logitech,Phu kien,4,2255095,9020380,2025-03-05 12:00:00,Hanoi,Tien mat
DH2315,KH086,Dieu hoa Daikin,Dien lanh,4,9898100,39592400,2025-05-03 10:00:00,Nha Trang,Vi dien tu
DH2316,KH159,May chieu Mini,Thiet bi so,3,1077787,3233361,2025-07-02 14:00:00,Da Nang,Chuyen khoan
DH2317,KH179,Chuot khong day Logitech,Phu kien,1,2639101,2639101,2025-06-23 09:00:00,Nha Trang,The tin dung
DH2318,KH389,Chuot khong day Logitech,Phu kien,4,2212479,8849916,2025-11-16 15:00:00,Nha Trang,Tien mat
DH2319,KH139,May hut bui Dyson,Gia dung,1,2641744,2641744,2025-06-19 07:00:00,Da Nang,Tien mat
DH2320,KH173,Cap sac nhanh,Phu kien,2,2344335,4688670,2025-01-20 21:00:00,Hanoi,The tin dung
DH2321,KH346,The nho 128GB,Phu kien,2,1328569,2657138,2025-04-19 16:00:00,Can Tho,Chuyen khoan
DH2322,KH195,May xay sinh to,Gia dung,2,4785152,9570304,2025-08-27 02:00:00,Hanoi,Vi dien tu
DH2323,KH178,May giat LG,Dien lanh,4,7787977,31151908,2025-08-11 04:00:00,Can Tho,Vi dien tu
DH2324,KH019,May nuoc nong,Dien lanh,2,14757978,29515956,2025-11-23 02:00:00,Hai Phong,The tin dung
DH2325,KH097,iPad Pro,Dien thoai - Laptop,2,29333022,58666044,2025-11-27 10:00:00,Hanoi,Vi dien tu
DH2326,KH068,Laptop Asus ROG,Dien thoai - Laptop,1,30857267,30857267,2025-05-14 17:00:00,Hanoi,Chuyen khoan
DH2327,KH390,Chuan tivi Xiaomi,Thiet bi so,3,1095886,3287658,2025-06-10 18:00:00,Hai Phong,Chuyen khoan
DH2328,KH168,Tai nghe Sony WH,Thiet bi so,3,2918688,8756064,2025-05-12 10:00:00,Hanoi,Tien mat
DH2329,KH072,Chuot khong day Logitech,Phu kien,2,1518665,3037330,2025-06-16 08:00:00,Hai Phong,Chuyen khoan
DH2330,KH271,Chuan tivi Xiaomi,Thiet bi so,1,737928,737928,2025-08-19 18:00:00,Hai Phong,Chuyen khoan
DH2331,KH310,MacBook Air M3,Dien thoai - Laptop,2,30163650,60327300,2025-02-18 11:00:00,Nha Trang,The tin dung
DH2332,KH263,Sac du phong Anker,Phu kien,3,682271,2046813,2025-08-17 06:00:00,Can Tho,Chuyen khoan
DH2333,KH217,Loa Bluetooth JBL,Thiet bi so,4,442643,1770572,2025-08-03 12:00:00,Hai Phong,Vi dien tu
DH2334,KH103,Noi com dien Cuckoo,Gia dung,2,3025696,6051392,2025-05-21 15:00:00,Nha Trang,Chuyen khoan
DH2335,KH381,Samsung Galaxy S24,Dien thoai - Laptop,2,17763743,35527486,2025-09-16 04:00:00,Nha Trang,Vi dien tu
DH2336,KH398,Ban phim co,Phu kien,2,1074752,2149504,2025-04-11 13:00:00,Ho Chi Minh,Vi dien tu
DH2337,KH201,Noi chien khong dau,Gia dung,2,1874815,3749630,2025-09-28 00:00:00,Nha Trang,Vi dien tu
DH2338,KH160,MacBook Air M3,Dien thoai - Laptop,2,22731815,45463630,2025-08-09 01:00:00,Hanoi,Tien mat
DH2339,KH026,MacBook Air M3,Dien thoai - Laptop,4,16633430,66533720,2025-11-07 07:00:00,Hanoi,Vi dien tu
DH2340,KH093,May xay sinh to,Gia dung,2,2855874,5711748,2025-07-24 20:00:00,Ho Chi Minh,The tin dung
DH2341,KH374,Samsung Galaxy S24,Dien thoai - Laptop,2,34324634,68649268,2025-01-21 22:00:00,Nha Trang,The tin dung
DH2342,KH283,May hut bui Dyson,Gia dung,3,2949015,8847045,2025-07-19 00:00:00,Hai Phong,The tin dung
DH2343,KH204,May xay sinh to,Gia dung,3,1068306,3204918,2025-11-24 11:00:00,Can Tho,The tin dung
DH2344,KH321,May hut bui Dyson,Gia dung,2,2909026,5818052,2025-01-15 21:00:00,Hanoi,Vi dien tu
DH2345,KH092,Laptop Asus ROG,Dien thoai - Laptop,3,19418194,58254582,2025-02-03 02:00:00,Hai Phong,Tien mat
DH2346,KH343,Chuan tivi Xiaomi,Thiet bi so,4,2371006,9484024,2025-12-17 20:00:00,Hai Phong,Chuyen khoan
DH2347,KH027,iPhone 15,Dien thoai - Laptop,2,19405876,38811752,2025-05-04 15:00:00,Nha Trang,Tien mat
DH2348,KH009,Lo vi song Sharp,Gia dung,4,4552211,18208844,2025-05-11 02:00:00,Can Tho,Chuyen khoan
DH2349,KH284,Tu dong Sanaky,Dien lanh,2,6141340,12282680,2025-10-27 18:00:00,Can Tho,Tien mat
DH2350,KH002,Noi com dien Cuckoo,Gia dung,1,2260786,2260786,2025-06-08 13:00:00,Hanoi,Tien mat
DH2351,KH039,Laptop Asus ROG,Dien thoai - Laptop,1,30531659,30531659,2025-07-07 13:00:00,Da Nang,The tin dung
DH2352,KH354,May giat LG,Dien lanh,2,17049464,34098928,2025-05-08 12:00:00,Hai Phong,Chuyen khoan
DH2353,KH345,iPad Pro,Dien thoai - Laptop,3,25424719,76274157,2025-01-17 02:00:00,Hanoi,Vi dien tu
DH2354,KH075,Noi chien khong dau,Gia dung,1,1025422,1025422,2025-06-26 09:00:00,Nha Trang,Vi dien tu
DH2355,KH378,Tu lanh Samsung,Dien lanh,1,7947055,7947055,2025-02-05 21:00:00,Da Nang,Tien mat
DH2356,KH118,Tai nghe Sony WH,Thiet bi so,4,2751656,11006624,2025-06-18 09:00:00,Ho Chi Minh,The tin dung
DH2357,KH306,Samsung Galaxy S24,Dien thoai - Laptop,2,21201165,42402330,2025-12-24 02:00:00,Ho Chi Minh,Chuyen khoan
DH2358,KH006,May nuoc nong,Dien lanh,1,8895429,8895429,2025-08-26 22:00:00,Da Nang,Vi dien tu
DH2359,KH168,Sac du phong Anker,Phu kien,1,2531337,2531337,2025-11-25 03:00:00,Can Tho,Tien mat
DH2360,KH173,MacBook Air M3,Dien thoai - Laptop,2,31895144,63790288,2025-03-09 02:00:00,Hanoi,Chuyen khoan
DH2361,KH259,MacBook Air M3,Dien thoai - Laptop,2,30849941,61699882,2025-11-10 16:00:00,Nha Trang,Vi dien tu
DH2362,KH369,May hut bui Dyson,Gia dung,1,1625053,1625053,2025-04-08 08:00:00,Can Tho,Vi dien tu
DH2363,KH061,Noi com dien Cuckoo,Gia dung,1,1824368,1824368,2025-02-09 17:00:00,Nha Trang,The tin dung
DH2364,KH363,Cap sac nhanh,Phu kien,3,442733,1328199,2025-11-12 07:00:00,Ho Chi Minh,The tin dung
DH2365,KH354,Chuot khong day Logitech,Phu kien,1,1759748,1759748,2025-03-13 08:00:00,Nha Trang,Chuyen khoan
DH2366,KH003,iPhone 15,Dien thoai - Laptop,3,25715243,77145729,2025-03-24 18:00:00,Da Nang,Chuyen khoan
DH2367,KH251,Cam hanh trinh,Thiet bi so,2,2709276,5418552,2025-03-02 16:00:00,Hanoi,Chuyen khoan
DH2368,KH099,Noi chien khong dau,Gia dung,2,2273185,4546370,2025-12-22 07:00:00,Ho Chi Minh,Chuyen khoan
DH2369,KH056,Samsung Galaxy S24,Dien thoai - Laptop,3,26675902,80027706,2025-03-29 15:00:00,Can Tho,Vi dien tu
DH2370,KH165,Samsung Galaxy S24,Dien thoai - Laptop,2,25659766,51319532,2025-03-17 08:00:00,Hanoi,Vi dien tu
DH2371,KH190,The nho 128GB,Phu kien,3,1044768,3134304,2025-03-02 05:00:00,Da Nang,Chuyen khoan
DH2372,KH094,Noi com dien Cuckoo,Gia dung,4,2857418,11429672,2025-04-24 09:00:00,Hanoi,Tien mat
DH2373,KH058,Samsung Galaxy S24,Dien thoai - Laptop,3,22670379,68011137,2025-02-12 15:00:00,Nha Trang,The tin dung
DH2374,KH021,May hut bui Dyson,Gia dung,2,2756476,5512952,2025-08-04 05:00:00,Nha Trang,Chuyen khoan
DH2375,KH086,iPad Pro,Dien thoai - Laptop,1,28627235,28627235,2025-12-11 07:00:00,Ho Chi Minh,The tin dung
DH2376,KH108,Tu lanh Samsung,Dien lanh,2,12859878,25719756,2025-01-20 19:00:00,Da Nang,Tien mat
DH2377,KH040,Tai nghe Sony WH,Thiet bi so,1,2287684,2287684,2025-10-05 17:00:00,Can Tho,The tin dung
DH2378,KH111,MacBook Air M3,Dien thoai - Laptop,1,34815391,34815391,2025-01-11 15:00:00,Hai Phong,Tien mat
DH2379,KH108,Sac du phong Anker,Phu kien,1,1112755,1112755,2025-01-02 22:00:00,Nha Trang,Chuyen khoan
DH2380,KH294,Noi chien khong dau,Gia dung,4,4465792,17863168,2025-03-28 03:00:00,Hanoi,Vi dien tu
DH2381,KH305,Sac du phong Anker,Phu kien,2,2279520,4559040,2025-07-29 08:00:00,Can Tho,Vi dien tu
DH2382,KH268,Tu dong Sanaky,Dien lanh,4,14613823,58455292,2025-01-13 16:00:00,Can Tho,The tin dung
DH2383,KH338,Cam hanh trinh,Thiet bi so,2,2915228,5830456,2025-02-03 17:00:00,Can Tho,Chuyen khoan
DH2384,KH025,Tu dong Sanaky,Dien lanh,2,7039444,14078888,2025-08-31 20:00:00,Ho Chi Minh,Vi dien tu
DH2385,KH101,May chieu Mini,Thiet bi so,3,1112074,3336222,2025-07-08 22:00:00,Can Tho,Chuyen khoan
DH2386,KH085,Tai nghe Sony WH,Thiet bi so,3,2171856,6515568,2025-01-22 05:00:00,Da Nang,Tien mat
DH2387,KH323,Noi chien khong dau,Gia dung,2,2248089,4496178,2025-01-15 07:00:00,Hai Phong,Chuyen khoan
DH2388,KH101,Chuan tivi Xiaomi,Thiet bi so,2,592785,1185570,2025-08-11 01:00:00,Hai Phong,Vi dien tu
DH2389,KH192,May xay sinh to,Gia dung,3,1162874,3488622,2025-08-05 00:00:00,Hanoi,Tien mat
DH2390,KH084,iPhone 15,Dien thoai - Laptop,3,31812229,95436687,2025-01-05 11:00:00,Ho Chi Minh,The tin dung
DH2391,KH309,MacBook Air M3,Dien thoai - Laptop,1,19445748,19445748,2025-05-11 23:00:00,Hanoi,The tin dung
DH2392,KH052,The nho 128GB,Phu kien,2,1050047,2100094,2025-10-09 15:00:00,Nha Trang,Tien mat
DH2393,KH155,May giat LG,Dien lanh,4,9590207,38360828,2025-11-14 09:00:00,Da Nang,The tin dung
DH2394,KH213,May giat LG,Dien lanh,3,8711723,26135169,2025-12-22 10:00:00,Da Nang,Vi dien tu
DH2395,KH089,Chuan tivi Xiaomi,Thiet bi so,1,564925,564925,2025-04-20 13:00:00,Da Nang,The tin dung
DH2396,KH197,Dieu hoa Daikin,Dien lanh,3,7588841,22766523,2025-07-01 05:00:00,Da Nang,The tin dung
DH2397,KH136,Chuot khong day Logitech,Phu kien,2,879569,1759138,2025-08-23 03:00:00,Da Nang,Vi dien tu
DH2398,KH065,May hut bui Dyson,Gia dung,2,1261793,2523586,2025-08-25 13:00:00,Hanoi,The tin dung
DH2399,KH328,Ban phim co,Phu kien,3,2058519,6175557,2025-11-26 16:00:00,Hai Phong,The tin dung
DH2400,KH293,Tu dong Sanaky,Dien lanh,2,6637595,13275190,2025-05-04 18:00:00,Hanoi,The tin dung
DH2401,KH168,Ban phim co,Phu kien,4,573747,2294988,2025-11-02 08:00:00,Da Nang,The tin dung
DH2402,KH071,Tu lanh Samsung,Dien lanh,3,9247935,27743805,2025-09-08 23:00:00,Ho Chi Minh,Chuyen khoan
DH2403,KH240,May chieu Mini,Thiet bi so,1,1618698,1618698,2025-06-11 05:00:00,Can Tho,Chuyen khoan
DH2404,KH354,Lo vi song Sharp,Gia dung,2,1479051,2958102,2025-10-25 06:00:00,Hai Phong,Chuyen khoan
DH2405,KH365,Dieu hoa Daikin,Dien lanh,1,11576134,11576134,2025-03-15 06:00:00,Hanoi,Tien mat
DH2406,KH125,Samsung Galaxy S24,Dien thoai - Laptop,1,26496955,26496955,2025-09-02 02:00:00,Hai Phong,Chuyen khoan
DH2407,KH312,Ban phim co,Phu kien,2,393835,787670,2025-04-02 00:00:00,Hai Phong,Vi dien tu
DH2408,KH145,May nuoc nong,Dien lanh,4,16145549,64582196,2025-06-26 17:00:00,Nha Trang,Vi dien tu
DH2409,KH186,May nuoc nong,Dien lanh,1,13240289,13240289,2025-04-28 21:00:00,Nha Trang,Vi dien tu
DH2410,KH275,Chuot khong day Logitech,Phu kien,3,258097,774291,2025-12-25 12:00:00,Nha Trang,Vi dien tu
DH2411,KH168,Cap sac nhanh,Phu kien,1,1289889,1289889,2025-05-30 01:00:00,Da Nang,Vi dien tu
DH2412,KH385,iPad Pro,Dien thoai - Laptop,4,31923591,127694364,2025-07-19 05:00:00,Da Nang,Chuyen khoan
DH2413,KH230,Samsung Galaxy S24,Dien thoai - Laptop,1,33319906,33319906,2025-08-26 20:00:00,Can Tho,Chuyen khoan
DH2414,KH083,The nho 128GB,Phu kien,4,2960319,11841276,2025-03-10 12:00:00,Da Nang,Chuyen khoan
DH2415,KH392,May hut bui Dyson,Gia dung,2,3695555,7391110,2025-03-10 17:00:00,Hai Phong,Chuyen khoan
DH2416,KH008,Chuan tivi Xiaomi,Thiet bi so,4,701521,2806084,2025-10-20 01:00:00,Hai Phong,Chuyen khoan
DH2417,KH190,The nho 128GB,Phu kien,3,1744504,5233512,2025-06-12 18:00:00,Hai Phong,The tin dung
DH2418,KH270,MacBook Air M3,Dien thoai - Laptop,4,24305243,97220972,2025-08-26 06:00:00,Hanoi,Chuyen khoan
DH2419,KH266,Dieu hoa Daikin,Dien lanh,4,10341260,41365040,2025-07-23 09:00:00,Nha Trang,Vi dien tu
DH2420,KH182,Noi chien khong dau,Gia dung,1,1816042,1816042,2025-10-09 06:00:00,Nha Trang,Tien mat
DH2421,KH140,Ban phim co,Phu kien,2,1919312,3838624,2025-03-02 12:00:00,Nha Trang,The tin dung
DH2422,KH276,iPad Pro,Dien thoai - Laptop,1,24613903,24613903,2025-08-22 09:00:00,Hanoi,Chuyen khoan
DH2423,KH182,May giat LG,Dien lanh,4,16452963,65811852,2025-07-11 11:00:00,Ho Chi Minh,Vi dien tu
DH2424,KH045,Chuot khong day Logitech,Phu kien,1,541486,541486,2025-09-03 03:00:00,Hai Phong,Vi dien tu
DH2425,KH038,Ban phim co,Phu kien,4,618797,2475188,2025-03-07 19:00:00,Can Tho,The tin dung
DH2426,KH216,Ban phim co,Phu kien,3,1271928,3815784,2025-05-21 09:00:00,Hai Phong,Vi dien tu
DH2427,KH357,Samsung Galaxy S24,Dien thoai - Laptop,4,16155977,64623908,2025-06-04 18:00:00,Hanoi,Vi dien tu
DH2428,KH397,Laptop Asus ROG,Dien thoai - Laptop,3,23487924,70463772,2025-03-03 00:00:00,Hai Phong,Tien mat
DH2429,KH365,Dieu hoa Daikin,Dien lanh,2,13743045,27486090,2025-09-07 03:00:00,Hanoi,Chuyen khoan
DH2430,KH219,Tu lanh Samsung,Dien lanh,2,15243909,30487818,2025-09-05 10:00:00,Ho Chi Minh,Tien mat
DH2431,KH400,Chuot khong day Logitech,Phu kien,4,1305776,5223104,2025-05-06 09:00:00,Hai Phong,Vi dien tu
DH2432,KH129,May chieu Mini,Thiet bi so,1,2337079,2337079,2025-04-30 04:00:00,Da Nang,The tin dung
DH2433,KH220,Tu dong Sanaky,Dien lanh,4,15608993,62435972,2025-10-14 16:00:00,Ho Chi Minh,Vi dien tu
DH2434,KH155,MacBook Air M3,Dien thoai - Laptop,1,25963627,25963627,2025-10-05 22:00:00,Nha Trang,Chuyen khoan
DH2435,KH121,Cap sac nhanh,Phu kien,2,2440006,4880012,2025-03-22 16:00:00,Nha Trang,Tien mat
DH2436,KH225,iPhone 15,Dien thoai - Laptop,4,16147521,64590084,2025-06-18 18:00:00,Ho Chi Minh,Vi dien tu
DH2437,KH361,Chuot khong day Logitech,Phu kien,4,1144229,4576916,2025-08-07 09:00:00,Da Nang,The tin dung
DH2438,KH301,Dieu hoa Daikin,Dien lanh,4,17754599,71018396,2025-02-12 19:00:00,Da Nang,Tien mat
DH2439,KH353,Tu lanh Samsung,Dien lanh,4,7270132,29080528,2025-07-01 13:00:00,Nha Trang,Vi dien tu
DH2440,KH234,Loa Bluetooth JBL,Thiet bi so,1,1863125,1863125,2025-12-26 16:00:00,Hai Phong,The tin dung
DH2441,KH283,Samsung Galaxy S24,Dien thoai - Laptop,4,20518379,82073516,2025-07-01 13:00:00,Ho Chi Minh,Chuyen khoan
DH2442,KH326,Chuot khong day Logitech,Phu kien,1,2516137,2516137,2025-12-31 21:00:00,Hai Phong,Tien mat
DH2443,KH375,Lo vi song Sharp,Gia dung,4,2808827,11235308,2025-06-30 11:00:00,Hai Phong,Vi dien tu
DH2444,KH243,Chuan tivi Xiaomi,Thiet bi so,4,1077463,4309852,2025-12-22 06:00:00,Da Nang,Chuyen khoan
DH2445,KH297,Samsung Galaxy S24,Dien thoai - Laptop,4,33396071,133584284,2025-03-17 16:00:00,Hai Phong,Vi dien tu
DH2446,KH168,Noi com dien Cuckoo,Gia dung,1,3446927,3446927,2025-02-03 10:00:00,Hai Phong,Vi dien tu
DH2447,KH367,Tai nghe Sony WH,Thiet bi so,2,1644718,3289436,2025-07-31 17:00:00,Hanoi,Chuyen khoan
DH2448,KH081,May giat LG,Dien lanh,4,11693529,46774116,2025-05-22 20:00:00,Can Tho,Chuyen khoan
DH2449,KH172,MacBook Air M3,Dien thoai - Laptop,3,26802621,80407863,2025-12-26 23:00:00,Ho Chi Minh,Vi dien tu
DH2450,KH063,Lo vi song Sharp,Gia dung,2,4599275,9198550,2025-03-08 18:00:00,Da Nang,The tin dung
DH2451,KH399,May nuoc nong,Dien lanh,1,16668516,16668516,2025-04-27 01:00:00,Hai Phong,The tin dung
DH2452,KH292,iPad Pro,Dien thoai - Laptop,1,19647423,19647423,2025-05-27 08:00:00,Ho Chi Minh,Chuyen khoan
DH2453,KH283,Ban phim co,Phu kien,3,1347400,4042200,2025-11-14 07:00:00,Nha Trang,Vi dien tu
DH2454,KH014,Noi com dien Cuckoo,Gia dung,3,2560308,7680924,2025-02-14 18:00:00,Hai Phong,Vi dien tu
DH2455,KH220,May nuoc nong,Dien lanh,3,15078412,45235236,2025-12-03 13:00:00,Nha Trang,Vi dien tu
DH2456,KH254,Tai nghe Sony WH,Thiet bi so,1,1646593,1646593,2025-12-24 23:00:00,Can Tho,Vi dien tu
DH2457,KH298,Samsung Galaxy S24,Dien thoai - Laptop,4,20999987,83999948,2025-02-19 16:00:00,Hanoi,Tien mat
DH2458,KH003,Chuan tivi Xiaomi,Thiet bi so,1,1928599,1928599,2025-01-21 03:00:00,Hai Phong,Vi dien tu
DH2459,KH165,Noi chien khong dau,Gia dung,2,3123199,6246398,2025-05-15 10:00:00,Nha Trang,Tien mat
DH2460,KH379,Chuot khong day Logitech,Phu kien,3,2980565,8941695,2025-05-09 04:00:00,Hanoi,The tin dung
DH2461,KH062,May chieu Mini,Thiet bi so,2,242928,485856,2025-07-02 07:00:00,Can Tho,The tin dung
DH2462,KH341,iPhone 15,Dien thoai - Laptop,2,31933422,63866844,2025-08-14 19:00:00,Hai Phong,Tien mat
DH2463,KH110,Samsung Galaxy S24,Dien thoai - Laptop,3,20381051,61143153,2025-01-19 03:00:00,Da Nang,The tin dung
DH2464,KH242,iPad Pro,Dien thoai - Laptop,4,34458724,137834896,2025-10-16 20:00:00,Nha Trang,Vi dien tu
DH2465,KH349,May hut bui Dyson,Gia dung,1,3434924,3434924,2025-07-29 00:00:00,Can Tho,The tin dung
DH2466,KH016,Dieu hoa Daikin,Dien lanh,4,7355777,29423108,2025-03-05 04:00:00,Nha Trang,Vi dien tu
DH2467,KH181,iPhone 15,Dien thoai - Laptop,3,29494100,88482300,2025-03-09 03:00:00,Hai Phong,The tin dung
DH2468,KH258,Ban phim co,Phu kien,2,1395859,2791718,2025-09-24 03:00:00,Ho Chi Minh,The tin dung
DH2469,KH186,Lo vi song Sharp,Gia dung,3,3702879,11108637,2025-03-07 11:00:00,Ho Chi Minh,Tien mat
DH2470,KH373,Tu lanh Samsung,Dien lanh,1,17082262,17082262,2025-10-07 05:00:00,Hanoi,Chuyen khoan
DH2471,KH156,iPhone 15,Dien thoai - Laptop,3,26888949,80666847,2025-08-04 19:00:00,Hai Phong,Vi dien tu
DH2472,KH009,Cam hanh trinh,Thiet bi so,4,948999,3795996,2025-09-30 11:00:00,Hai Phong,Vi dien tu
DH2473,KH019,May hut bui Dyson,Gia dung,2,4186736,8373472,2025-06-19 21:00:00,Nha Trang,Vi dien tu
DH2474,KH071,Chuot khong day Logitech,Phu kien,4,425214,1700856,2025-11-28 18:00:00,Can Tho,The tin dung
DH2475,KH354,May xay sinh to,Gia dung,3,3768036,11304108,2025-03-04 13:00:00,Can Tho,Tien mat
DH2476,KH022,iPhone 15,Dien thoai - Laptop,3,31804656,95413968,2025-04-25 14:00:00,Can Tho,The tin dung
DH2477,KH336,May chieu Mini,Thiet bi so,3,2112753,6338259,2025-12-21 01:00:00,Da Nang,The tin dung
DH2478,KH055,Noi com dien Cuckoo,Gia dung,1,2492796,2492796,2025-10-02 13:00:00,Hanoi,Chuyen khoan
DH2479,KH284,Cap sac nhanh,Phu kien,3,1298962,3896886,2025-06-30 11:00:00,Hai Phong,Chuyen khoan
DH2480,KH230,Tu lanh Samsung,Dien lanh,1,11381131,11381131,2025-06-18 11:00:00,Hanoi,Tien mat
DH2481,KH020,Lo vi song Sharp,Gia dung,1,4154418,4154418,2025-09-20 05:00:00,Nha Trang,Chuyen khoan
DH2482,KH069,May nuoc nong,Dien lanh,2,16142456,32284912,2025-12-17 01:00:00,Hanoi,Vi dien tu
DH2483,KH022,Dieu hoa Daikin,Dien lanh,1,9512605,9512605,2025-07-26 19:00:00,Ho Chi Minh,Vi dien tu
DH2484,KH042,May chieu Mini,Thiet bi so,3,406705,1220115,2025-08-11 15:00:00,Hanoi,Chuyen khoan
DH2485,KH023,Loa Bluetooth JBL,Thiet bi so,2,1585508,3171016,2025-04-14 13:00:00,Hai Phong,The tin dung
DH2486,KH266,May nuoc nong,Dien lanh,4,6018095,24072380,2025-06-27 20:00:00,Can Tho,The tin dung
DH2487,KH058,Tu lanh Samsung,Dien lanh,4,10177988,40711952,2025-02-22 05:00:00,Hai Phong,The tin dung
DH2488,KH203,May hut bui Dyson,Gia dung,2,2016330,4032660,2025-11-15 15:00:00,Hanoi,Tien mat
DH2489,KH133,May xay sinh to,Gia dung,2,1340768,2681536,2025-10-28 07:00:00,Nha Trang,Tien mat
DH2490,KH280,Sac du phong Anker,Phu kien,3,2406029,7218087,2025-04-07 22:00:00,Can Tho,The tin dung
DH2491,KH377,Tu lanh Samsung,Dien lanh,3,12810344,38431032,2025-01-14 03:00:00,Hanoi,The tin dung
DH2492,KH338,MacBook Air M3,Dien thoai - Laptop,1,28813240,28813240,2025-05-09 17:00:00,Nha Trang,Vi dien tu
DH2493,KH254,Lo vi song Sharp,Gia dung,2,1600647,3201294,2025-01-19 23:00:00,Nha Trang,The tin dung
DH2494,KH279,Loa Bluetooth JBL,Thiet bi so,4,2674932,10699728,2025-11-30 03:00:00,Hanoi,Vi dien tu
DH2495,KH269,Tu lanh Samsung,Dien lanh,3,13934856,41804568,2025-08-28 01:00:00,Da Nang,Chuyen khoan
DH2496,KH250,iPad Pro,Dien thoai - Laptop,3,34075423,102226269,2025-05-31 07:00:00,Can Tho,The tin dung
DH2497,KH370,Loa Bluetooth JBL,Thiet bi so,3,1312558,3937674,2025-07-24 11:00:00,Nha Trang,Tien mat
DH2498,KH090,Dieu hoa Daikin,Dien lanh,1,7672518,7672518,2025-12-20 02:00:00,Da Nang,Tien mat
DH2499,KH225,Ban phim co,Phu kien,4,555246,2220984,2025-08-31 18:00:00,Da Nang,Vi dien tu
DH2500,KH149,Lo vi song Sharp,Gia dung,1,4747508,4747508,2025-04-11 19:00:00,Hanoi,The tin dung
